INTL_20160320_000001	+1 entrada extra de instancia para misiones y mazmorras	인던,미션 1회 추가입장				
INTL_20160320_000002	Contiene una variedad de beneficios especiales para todos tus personajes en este servidor durante 60 días. Haz clic derecho para usar.{nl}[Beneficios del Token]{nl} - Puedes aprender hasta 2 atributos simultáneamente{nl} - Tarifa de comisión del Mercado reducida (30% {img white_right_arrow 16 16} 10%){nl} - Puedes listar hasta 5 objetos en el Mercado{nl} - +3 de aumento en la velocidad de movimiento del personaje{nl} - +20% de EXP al cazar monstruos{nl} - Puedes usar Gestos Premium{nl}- Puedes usar Comercio Personal hasta 60 veces{nl}- 1 entrada extra de instancia para misiones y mazmorras{nl}	마우스 우클릭 시 사용되며 서버 내 모든 캐릭터에 사용 시점으로부터 60일간 혜택이 적용됩니다.{nl}[토큰 효과]{nl} - 특성 스킬 2개 동시 수련 가능{nl} - 마켓 판매 수수료율 감소(30%{img white_right_arrow 16 16}10%){nl} - 마켓 판매 등록 아이템 개수 5개{nl} - 캐릭터 이동속도 +3 증가{nl} - 몬스터 처치 시 경험치 +20% 증가{nl}(PC방 혜택, 경험의 서 효과와 중첩 가능){nl} - 프리미엄 제스쳐 사용 가능{nl} - 최대 버프 적용 개수 증가{nl} - 개인 거래 60회 가능{nl} - 인던,미션 추가 1회 입장가능				
INTL_20160320_000003	Contiene una variedad de beneficios especiales para todos tus personajes en este servidor durante 60 días. Haz clic derecho para usar.{nl}[Beneficios del Token]{nl} - Puedes aprender hasta 2 atributos simultáneamente{nl} - Tarifa de comisión del Mercado reducida (30% {img white_right_arrow 16 16} 10%){nl} - Puedes listar hasta 5 objetos en el Mercado{nl} - +3 de aumento en la velocidad de movimiento del personaje{nl} - +30% de EXP al cazar monstruos{nl} - Puedes usar Gestos Premium{nl}- Puedes usar Comercio Personal hasta 60 veces{nl}- 1 entrada extra de instancia para misiones y mazmorras{nl}	마우스 우클릭 시 사용되며 서버 내 모든 캐릭터에 사용 시점으로부터 60일간 혜택이 적용됩니다.{nl}[토큰 효과]{nl} - 특성 스킬 2개 동시 수련 가능{nl} - 마켓 판매 수수료율 감소(30%{img white_right_arrow 16 16}10%){nl} - 마켓 판매 등록 아이템 개수 5개{nl} - 캐릭터 이동속도 +3 증가{nl} - 몬스터 처치 시 경험치 +30% 증가{nl}(PC방 혜택, 경험의 서 효과와 중첩 가능){nl} - 프리미엄 제스쳐 사용 가능{nl} - 최대 버프 적용 개수 증가{nl} - 개인 거래 60회 가능{nl} - 인던,미션 추가 1회 입장가능	INTL_20160320_000002	Contiene una variedad de beneficios especiales para todos tus personajes en este servidor durante 60 días. Haz clic derecho para usar.{nl}[Beneficios del Token]{nl} - Puedes aprender hasta 2 atributos simultáneamente{nl} - Tarifa de comisión del Mercado reducida (30% {img white_right_arrow 16 16} 10%){nl} - Puedes listar hasta 5 objetos en el Mercado{nl} - +3 de aumento en la velocidad de movimiento del personaje{nl} - +20% de EXP al cazar monstruos{nl} - Puedes usar Gestos Premium{nl}- Puedes usar Comercio Personal hasta 60 veces{nl}- 1 entrada extra de instancia para misiones y mazmorras{nl}	마우스 우클릭 시 사용되며 서버 내 모든 캐릭터에 사용 시점으로부터 60일간 혜택이 적용됩니다.{nl}[토큰 효과]{nl} - 특성 스킬 2개 동시 수련 가능{nl} - 마켓 판매 수수료율 감소(30%{img white_right_arrow 16 16}10%){nl} - 마켓 판매 등록 아이템 개수 5개{nl} - 캐릭터 이동속도 +3 증가{nl} - 몬스터 처치 시 경험치 +20% 증가{nl}(PC방 혜택, 경험의 서 효과와 중첩 가능){nl} - 프리미엄 제스쳐 사용 가능{nl} - 최대 버프 적용 개수 증가{nl} - 개인 거래 60회 가능{nl} - 인던,미션 추가 1회 입장가능	
INTL_20160323_000004	- Puedes aprender hasta 2 atributos simultáneamente{nl} - Tarifa de comisión del Mercado reducida (30% {img white_right_arrow 16 16} 10%){nl} - Puedes listar hasta 5 objetos en el Mercado{nl} - +3 de aumento en la velocidad de movimiento del personaje{nl} - Solo puedes comerciar hasta 30 veces{nl	- 특성 스킬 2개 동시 수련 가능{nl} - 마켓 판매 수수료율 감소(30%{img white_right_arrow 16 16}10%){nl} - 마켓 판매 등록 아이템 개수 5개{nl} - 캐릭터 이동속도 +3{nl} - 미션,던전 1회 추가입장{nl} - 최대 버프 적용 개수 증가{nl} - 프리미엄 제스쳐 사용 가능{nl}				
INTL_20160326_000005	Otorga beneficios de Token a todos tus personajes en el servidor durante 60 días. Haz clic derecho para usar.{nl}[Beneficios del Token]{nl} - Puedes aprender hasta 2 atributos simultáneamente{nl} - Tarifa de comisión del Mercado reducida (30% {img white_right_arrow 16 16} 10%){nl} - Puedes listar hasta 5 objetos en el Mercado{nl} - +3 de aumento en la velocidad de movimiento del personaje{nl} - +30% de EXP al cazar monstruos{nl}(Se acumula con el efecto del Tomo de EXP){nl} - Puedes usar Gestos Premium{nl} - Aumento del conteo máximo de buffs{nl} - Puedes usar Comercio Personal hasta 60 veces	마우스 우클릭 시 사용되며 서버 내 모든 캐릭터에 사용 시점으로부터 60일간 혜택이 적용됩니다.{nl}[토큰 효과]{nl} - 특성 스킬 2개 동시 수련 가능{nl} - 마켓 판매 수수료율 감소(30%{img white_right_arrow 16 16}10%){nl} - 마켓 판매 등록 아이템 개수 5개{nl} - 캐릭터 이동속도 +3 증가{nl} - 몬스터 처치 시 경험치 +20% 증가{nl}(PC방 혜택, 경험의 서 효과와 중첩 가능){nl} - 프리미엄 제스쳐 사용 가능{nl} - 최대 버프 적용 개수 증가{nl} - 개인 거래 60회 가능	INTL_20160320_000003	Contiene una variedad de beneficios especiales para todos tus personajes en este servidor durante 60 días. Haz clic derecho para usar.{nl}[Beneficios del Token]{nl} - Puedes aprender hasta 2 atributos simultáneamente{nl} - Tarifa de comisión del Mercado reducida (30% {img white_right_arrow 16 16} 10%){nl} - Puedes listar hasta 5 objetos en el Mercado{nl} - +3 de aumento en la velocidad de movimiento del personaje{nl} - +30% de EXP al cazar monstruos{nl} - Puedes usar Gestos Premium{nl}- Puedes usar Comercio Personal hasta 60 veces{nl}- 1 entrada extra de instancia para misiones y mazmorras{nl}	마우스 우클릭 시 사용되며 서버 내 모든 캐릭터에 사용 시점으로부터 60일간 혜택이 적용됩니다.{nl}[토큰 효과]{nl} - 특성 스킬 2개 동시 수련 가능{nl} - 마켓 판매 수수료율 감소(30%{img white_right_arrow 16 16}10%){nl} - 마켓 판매 등록 아이템 개수 5개{nl} - 캐릭터 이동속도 +3 증가{nl} - 몬스터 처치 시 경험치 +30% 증가{nl}(PC방 혜택, 경험의 서 효과와 중첩 가능){nl} - 프리미엄 제스쳐 사용 가능{nl} - 최대 버프 적용 개수 증가{nl} - 개인 거래 60회 가능{nl} - 인던,미션 추가 1회 입장가능	
INTL_20160326_000006	Token: 30 Días	토큰:30일				
INTL_20160329_000007	Caja de Pergaminos para Encantar x10	마법 부여 스크롤 10개 상자				
INTL_20160329_000008	Contiene 10 Pergaminos de Encantamiento. Haz clic derecho para usar.	사용 시 마법 부여 스크롤 10개를 획득합니다. 마우스 우클릭으로 사용합니다.				
INTL_20160329_000009	Caja de 10x Megáfonos	확성기 10개 상자				
INTL_20160329_000010	Contiene 10 Megáfonos. Haz clic derecho para usar.	사용 시 확성기 10개를 획득합니다. 마우스 우클릭으로 사용합니다.				
INTL_20160419_000011	Usar para obtener 455 TP.	사용 시 455 TP를 획득합니다.				
INTL_20160419_000012	Usar para obtener 266 TP.	사용 시 266 TP를 획득합니다.				
INTL_20160419_000013	Usar para obtener 112 TP.	사용 시 112 TP를 획득합니다.				
INTL_20160419_000014	Haz clic derecho para obtener los siguientes objetos:{nl} - 455 TP{nl} - Token (60 Días){nl} - Accesorio para el Cabello - Muñeco Popolion{nl} - Accesorio para el Cabello - Muñeco Hanaming{nl} - Vale de Compañero Hoglan{nl} - Poción de Reinicio de Estadísticas{nl} - Poción de Reinicio de Habilidades{nl}	마우스 우클릭 시 사용되며 구성물을 획득할 수 있습니다.{nl} - 455 TP{nl} - 토큰(60일){nl} - 헤어 악세서리 - 포포리온 인형{nl} - 헤어 악세서리 - 하나밍 인형{nl} - 호글란 컴패니언 교환권{nl} - 스탯초기화 포션{nl} - 스킬 초기화 포션{nl}	ETC_20160320_021185	Haz clic derecho para obtener los siguientes objetos:{nl} - 650 TP{nl} - Token (60 Días){nl} - Accesorio para el Cabello - Muñeco Popolion{nl} - Accesorio para el Cabello - Muñeco Hanaming{nl} - Vale de Compañero Hoglan{nl} - Poción de Reinicio de Estadísticas{nl} - Poción de Reinicio de Habilidades{nl}	마우스 우클릭 시 사용되며 구성물을 획득할 수 있습니다.{nl} - 650 TP{nl} - 토큰(60일){nl} - 헤어 악세서리 - 포포리온 인형{nl} - 헤어 악세서리 - 하나밍 인형{nl} - 호글란 컴패니언 교환권{nl} - 스탯초기화 포션{nl} - 스킬 초기화 포션{nl}	
INTL_20160419_000015	Haz clic derecho para obtener los siguientes objetos:{nl} - 266 TP{nl} - Token (30 Días){nl} - Accesorio para el Cabello - Muñeco Popolion{nl}	마우스 우클릭 시 사용되며 구성물을 획득할 수 있습니다.{nl} - 266 TP{nl} - 토큰 (30일){nl} - 헤어 악세서리 - 포포리온 인형{nl}	ETC_20160320_021189	Haz clic derecho para obtener los siguientes objetos:{nl} - 380 TP{nl} - Token (60 Días){nl} - Accesorio para el Cabello - Muñeco Popolion{nl}	마우스 우클릭 시 사용되며 구성물을 획득할 수 있습니다.{nl} - 380 TP{nl} - 토큰 (30일){nl} - 헤어 악세서리 - 포포리온 인형{nl}	
INTL_20160425_000016	Aplica beneficios de Token a todos tus personajes en el servidor durante 60 días. Haz clic derecho para usar.{nl}[Beneficios del Token]{nl} - Puedes aprender atributos instantáneamente{nl} - Tarifa de comisión del Mercado reducida (30% {img white_right_arrow 16 16} 10%){nl} - Puedes listar hasta 5 objetos en el Mercado{nl} - +3 de aumento en el movimiento del personaje{nl} - +20% de EXP al cazar monstruos{nl} - Puedes usar Gestos Premium{nl} - Aumento del conteo máximo de buffs{nl} - Puedes usar Comercio Personal hasta 60 veces	마우스 우클릭 시 사용되며 서버 내 모든 캐릭터에 사용 시점으로부터 60일간 혜택이 적용됩니다.{nl}[토큰 효과]{nl} - 특성 즉시 수련 가능{nl} - 마켓 판매 수수료율 감소(30%{img white_right_arrow 16 16}10%){nl} - 마켓 판매 등록 아이템 개수 5개{nl} - 캐릭터 이동속도 +3 증가{nl} - 몬스터 처치 시 경험치 +20% 증가{nl}(PC방 혜택, 경험의 서 효과와 중첩 가능){nl} - 프리미엄 제스쳐 사용 가능{nl} - 최대 버프 적용 개수 증가{nl} - 개인 거래 60회 가능	INTL_20160326_000005	Otorga beneficios de Token a todos tus personajes en el servidor durante 60 días. Haz clic derecho para usar.{nl}[Beneficios del Token]{nl} - Puedes aprender hasta 2 atributos simultáneamente{nl} - Tarifa de comisión del Mercado reducida (30% {img white_right_arrow 16 16} 10%){nl} - Puedes listar hasta 5 objetos en el Mercado{nl} - +3 de aumento en la velocidad de movimiento del personaje{nl} - +30% de EXP al cazar monstruos{nl}(Se acumula con el efecto del Tomo de EXP){nl} - Puedes usar Gestos Premium{nl} - Aumento del conteo máximo de buffs{nl} - Puedes usar Comercio Personal hasta 60 veces	마우스 우클릭 시 사용되며 서버 내 모든 캐릭터에 사용 시점으로부터 60일간 혜택이 적용됩니다.{nl}[토큰 효과]{nl} - 특성 스킬 2개 동시 수련 가능{nl} - 마켓 판매 수수료율 감소(30%{img white_right_arrow 16 16}10%){nl} - 마켓 판매 등록 아이템 개수 5개{nl} - 캐릭터 이동속도 +3 증가{nl} - 몬스터 처치 시 경험치 +20% 증가{nl}(PC방 혜택, 경험의 서 효과와 중첩 가능){nl} - 프리미엄 제스쳐 사용 가능{nl} - 최대 버프 적용 개수 증가{nl} - 개인 거래 60회 가능	
INTL_20160425_000017	Aplica beneficios de Token a todos tus personajes en el servidor durante 30 días. Haz clic derecho para usar.{nl}[Beneficios del Token]{nl} - Puedes aprender atributos instantáneamente{nl} - Tarifa de comisión del Mercado reducida (30% {img white_right_arrow 16 16} 10%){nl} - Puedes listar hasta 5 objetos en el Mercado{nl} - +3 de aumento en el movimiento del personaje{nl} - +30% de EXP al cazar monstruos{nl} - Puedes usar Gestos Premium{nl} - Aumento del conteo máximo de buffs{nl} - Puedes usar Comercio Personal hasta 30 veces{nl} - 1 entrada extra de instancia para misiones y mazmorras	마우스 우클릭 시 사용되며 서버 내 모든 캐릭터에 사용 시점으로부터 30일간 혜택이 적용됩니다.{nl}[토큰 효과]{nl} - 특성 즉시 수련 가능{nl} - 마켓 판매 수수료율 감소(30%{img white_right_arrow 16 16}10%){nl} - 마켓 판매 등록 아이템 개수 5개{nl} - 캐릭터 이동속도 +3 증가{nl} - 몬스터 처치 시 경험치 +30% 증가{nl}(PC방 혜택, 경험의 서 효과와 중첩 가능){nl} - 프리미엄 제스쳐 사용 가능{nl} - 최대 버프 적용 개수 증가{nl} - 개인 거래 30회 가능{nl} - 개인 거래 횟수 30회{nl} - 미션,던전 1회 추가입장	ETC_20160320_021192	Otorga beneficios de Token a todos tus personajes en el servidor durante 30 días. Haz clic derecho para usar.{nl}[Beneficios del Token]{nl} - Puedes aprender hasta 2 atributos simultáneamente{nl} - Tarifa de comisión del Mercado reducida (30% {img white_right_arrow 16 16} 10%){nl} - Puedes listar hasta 5 objetos en el Mercado{nl} - +3 de aumento en la velocidad de movimiento del personaje{nl} - +30% de EXP al cazar monstruos{nl}(Se acumula con el efecto del Tomo de EXP){nl} - Puedes usar Gestos Premium{nl} - Aumento del conteo máximo de buffs{nl} - Puedes usar Comercio Personal hasta 60 veces{nl} - 1 entrada extra de instancia para misiones y mazmorras	마우스 우클릭 시 사용되며 서버 내 모든 캐릭터에 사용 시점으로부터 30일간 혜택이 적용됩니다.{nl}[토큰 효과]{nl} - 특성 스킬 2개 동시 수련 가능{nl} - 마켓 판매 수수료율 감소(30%{img white_right_arrow 16 16}10%){nl} - 마켓 판매 등록 아이템 개수 5개{nl} - 캐릭터 이동속도 +3 증가{nl} - 몬스터 처치 시 경험치 +30% 증가{nl}(PC방 혜택, 경험의 서 효과와 중첩 가능){nl} - 프리미엄 제스쳐 사용 가능{nl} - 최대 버프 적용 개수 증가{nl} - 개인 거래 30회 가능{nl} - 개인 거래 횟수 30회{nl} - 미션,던전 1회 추가입장	
INTL_20160425_000018	Aplica beneficios de Token a todos tus personajes en el servidor durante 60 días. Haz clic derecho para usar.{nl}[Beneficios del Token]{nl} - Puedes aprender atributos instantáneamente{nl} - Tarifa de comisión del Mercado reducida (30% {img white_right_arrow 16 16} 10%){nl} - Puedes listar hasta 5 objetos en el Mercado{nl} - +3 de aumento en el movimiento del personaje{nl} - +30% de EXP al cazar monstruos{nl} - Puedes usar Gestos Premium{nl} - Aumento del conteo máximo de buffs{nl} - Puedes usar Comercio Personal hasta 60 veces{nl} - 1 entrada extra de instancia para misiones y mazmorras	마우스 우클릭 시 사용되며 서버 내 모든 캐릭터에 사용 시점으로부터 60일간 혜택이 적용됩니다.{nl}[토큰 효과]{nl} - 특성 스킬 즉시 수련 가능{nl} - 마켓 판매 수수료율 감소(30%{img white_right_arrow 16 16}10%){nl} - 마켓 판매 등록 아이템 개수 5개{nl} - 캐릭터 이동속도 +3 증가{nl} - 몬스터 처치 시 경험치 +30% 증가{nl}(PC방 혜택, 경험의 서 효과와 중첩 가능){nl} - 프리미엄 제스쳐 사용 가능{nl} - 최대 버프 적용 개수 증가{nl} - 개인 거래 60회 가능{nl} - 미션,던전 추가 1회 추가입장	ETC_20160320_021194	Otorga beneficios de Token a todos tus personajes en el servidor durante 30 días. Haz clic derecho para usar.{nl}[Beneficios del Token]{nl} - Puedes aprender hasta 2 atributos simultáneamente{nl} - Tarifa de comisión del Mercado reducida (30% {img white_right_arrow 16 16} 10%){nl} - Puedes listar hasta 5 objetos en el Mercado{nl} - +3 de aumento en la velocidad de movimiento del personaje{nl} - +30% de EXP al cazar monstruos{nl}(Se acumula con el efecto del Tomo de EXP){nl} - Puedes usar Gestos Premium{nl} - Aumento del conteo máximo de buffs{nl} - Puedes usar Comercio Personal hasta 60 veces{nl} - 1 entrada extra de instancia para misiones y mazmorras	마우스 우클릭 시 사용되며 서버 내 모든 캐릭터에 사용 시점으로부터 60일간 혜택이 적용됩니다.{nl}[토큰 효과]{nl} - 특성 스킬 2개 동시 수련 가능{nl} - 마켓 판매 수수료율 감소(30%{img white_right_arrow 16 16}10%){nl} - 마켓 판매 등록 아이템 개수 5개{nl} - 캐릭터 이동속도 +3 증가{nl} - 몬스터 처치 시 경험치 +30% 증가{nl}(PC방 혜택, 경험의 서 효과와 중첩 가능){nl} - 프리미엄 제스쳐 사용 가능{nl} - 최대 버프 적용 개수 증가{nl} - 개인 거래 60회 가능{nl} - 미션,던전 추가 1회 추가입장	
INTL_20160426_000019	Otorga beneficios de Token a todos tus personajes en el servidor durante 60 días. Haz clic derecho para usar.{nl}[Beneficios del Token]{nl} - Puedes aprender hasta 2 atributos simultáneamente{nl} - Tarifa de comisión del Mercado reducida (30% {img white_right_arrow 16 16} 10%){nl} - Puedes listar hasta 5 objetos en el Mercado{nl} - +3 de aumento en la velocidad de movimiento del personaje{nl} - +30% de EXP al cazar monstruos{nl}(Se acumula con el efecto del Tomo de EXP){nl} - Puedes usar Gestos Premium{nl} - Aumento del conteo máximo de buffs{nl} - Puedes usar Comercio Personal hasta 60 veces{nl}	마우스 우클릭 시 사용되며 서버 내 모든 캐릭터에 사용 시점으로부터 60일간 혜택이 적용됩니다.{nl}[토큰 효과]{nl} - 특성 즉시 수련 가능{nl} - 마켓 판매 수수료율 감소(30%{img white_right_arrow 16 16}10%){nl} - 마켓 판매 등록 아이템 개수 9개{nl} - 캐릭터 이동속도 +3 증가{nl} - 몬스터 처치 시 경험치 +20% 증가{nl}(PC방 혜택, 경험의 서 효과와 중첩 가능){nl} - 프리미엄 제스쳐 사용 가능{nl} - 최대 버프 적용 개수 증가{nl} - 개인 거래 60회 가능	INTL_20160425_000016	Aplica beneficios de Token a todos tus personajes en el servidor durante 60 días. Haz clic derecho para usar.{nl}[Beneficios del Token]{nl} - Puedes aprender atributos instantáneamente{nl} - Tarifa de comisión del Mercado reducida (30% {img white_right_arrow 16 16} 10%){nl} - Puedes listar hasta 5 objetos en el Mercado{nl} - +3 de aumento en el movimiento del personaje{nl} - +20% de EXP al cazar monstruos{nl} - Puedes usar Gestos Premium{nl} - Aumento del conteo máximo de buffs{nl} - Puedes usar Comercio Personal hasta 60 veces	마우스 우클릭 시 사용되며 서버 내 모든 캐릭터에 사용 시점으로부터 60일간 혜택이 적용됩니다.{nl}[토큰 효과]{nl} - 특성 즉시 수련 가능{nl} - 마켓 판매 수수료율 감소(30%{img white_right_arrow 16 16}10%){nl} - 마켓 판매 등록 아이템 개수 5개{nl} - 캐릭터 이동속도 +3 증가{nl} - 몬스터 처치 시 경험치 +20% 증가{nl}(PC방 혜택, 경험의 서 효과와 중첩 가능){nl} - 프리미엄 제스쳐 사용 가능{nl} - 최대 버프 적용 개수 증가{nl} - 개인 거래 60회 가능	
INTL_20160426_000020	Aplica beneficios de Token a todos tus personajes en el servidor durante 30 días. Haz clic derecho para usar.{nl}[Beneficios del Token]{nl} - Puedes aprender atributos instantáneamente{nl} - Tarifa de comisión del Mercado reducida (30% {img white_right_arrow 16 16} 10%){nl} - Puedes listar hasta 10 objetos en el Mercado{nl} - +3 de aumento en el movimiento del personaje{nl} - +30% de EXP al cazar monstruos{nl} - Puedes usar Gestos Premium{nl} - Aumento del conteo máximo de buffs{nl} - Puedes usar Comercio Personal hasta 30 veces{nl} - 1 entrada extra de instancia para misiones y mazmorras	마우스 우클릭 시 사용되며 서버 내 모든 캐릭터에 사용 시점으로부터 30일간 혜택이 적용됩니다.{nl}[토큰 효과]{nl} - 특성 즉시 수련 가능{nl} - 마켓 판매 수수료율 감소(30%{img white_right_arrow 16 16}10%){nl} - 마켓 판매 등록 아이템 개수 9개{nl} - 캐릭터 이동속도 +3 증가{nl} - 몬스터 처치 시 경험치 +30% 증가{nl}(PC방 혜택, 경험의 서 효과와 중첩 가능){nl} - 프리미엄 제스쳐 사용 가능{nl} - 최대 버프 적용 개수 증가{nl} - 개인 거래 30회 가능{nl} - 개인 거래 횟수 30회{nl} - 미션,던전 1회 추가입장	INTL_20160425_000017	Aplica beneficios de Token a todos tus personajes en el servidor durante 30 días. Haz clic derecho para usar.{nl}[Beneficios del Token]{nl} - Puedes aprender atributos instantáneamente{nl} - Tarifa de comisión del Mercado reducida (30% {img white_right_arrow 16 16} 10%){nl} - Puedes listar hasta 5 objetos en el Mercado{nl} - +3 de aumento en el movimiento del personaje{nl} - +30% de EXP al cazar monstruos{nl} - Puedes usar Gestos Premium{nl} - Aumento del conteo máximo de buffs{nl} - Puedes usar Comercio Personal hasta 30 veces{nl} - 1 entrada extra de instancia para misiones y mazmorras	마우스 우클릭 시 사용되며 서버 내 모든 캐릭터에 사용 시점으로부터 30일간 혜택이 적용됩니다.{nl}[토큰 효과]{nl} - 특성 즉시 수련 가능{nl} - 마켓 판매 수수료율 감소(30%{img white_right_arrow 16 16}10%){nl} - 마켓 판매 등록 아이템 개수 5개{nl} - 캐릭터 이동속도 +3 증가{nl} - 몬스터 처치 시 경험치 +30% 증가{nl}(PC방 혜택, 경험의 서 효과와 중첩 가능){nl} - 프리미엄 제스쳐 사용 가능{nl} - 최대 버프 적용 개수 증가{nl} - 개인 거래 30회 가능{nl} - 개인 거래 횟수 30회{nl} - 미션,던전 1회 추가입장	
INTL_20160426_000021	Otorga beneficios de Token a todos tus personajes en el servidor durante 60 días. Haz clic derecho para usar.{nl}[Beneficios del Token]{nl} - Puedes aprender hasta 2 atributos simultáneamente{nl} - Tarifa de comisión del Mercado reducida (30% {img white_right_arrow 16 16} 10%){nl} - Puedes listar hasta 10 objetos en el Mercado{nl} - +3 de aumento en la velocidad de movimiento del personaje{nl} - +30% de EXP al cazar monstruos{nl}(Se acumula con el efecto del Tomo de EXP){nl} - Puedes usar Gestos Premium{nl} - Aumento del conteo máximo de buffs{nl} - Puedes usar Comercio Personal hasta 60 veces{nl} - 1 entrada extra de instancia para misiones y mazmorras	마우스 우클릭 시 사용되며 서버 내 모든 캐릭터에 사용 시점으로부터 60일간 혜택이 적용됩니다.{nl}[토큰 효과]{nl} - 특성 스킬 즉시 수련 가능{nl} - 마켓 판매 수수료율 감소(30%{img white_right_arrow 16 16}10%){nl} - 마켓 판매 등록 아이템 개수 9개{nl} - 캐릭터 이동속도 +3 증가{nl} - 몬스터 처치 시 경험치 +30% 증가{nl}(PC방 혜택, 경험의 서 효과와 중첩 가능){nl} - 프리미엄 제스쳐 사용 가능{nl} - 최대 버프 적용 개수 증가{nl} - 개인 거래 60회 가능{nl} - 미션,던전 추가 1회 추가입장	INTL_20160425_000018	Aplica beneficios de Token a todos tus personajes en el servidor durante 60 días. Haz clic derecho para usar.{nl}[Beneficios del Token]{nl} - Puedes aprender atributos instantáneamente{nl} - Tarifa de comisión del Mercado reducida (30% {img white_right_arrow 16 16} 10%){nl} - Puedes listar hasta 5 objetos en el Mercado{nl} - +3 de aumento en el movimiento del personaje{nl} - +30% de EXP al cazar monstruos{nl} - Puedes usar Gestos Premium{nl} - Aumento del conteo máximo de buffs{nl} - Puedes usar Comercio Personal hasta 60 veces{nl} - 1 entrada extra de instancia para misiones y mazmorras	마우스 우클릭 시 사용되며 서버 내 모든 캐릭터에 사용 시점으로부터 60일간 혜택이 적용됩니다.{nl}[토큰 효과]{nl} - 특성 스킬 즉시 수련 가능{nl} - 마켓 판매 수수료율 감소(30%{img white_right_arrow 16 16}10%){nl} - 마켓 판매 등록 아이템 개수 5개{nl} - 캐릭터 이동속도 +3 증가{nl} - 몬스터 처치 시 경험치 +30% 증가{nl}(PC방 혜택, 경험의 서 효과와 중첩 가능){nl} - 프리미엄 제스쳐 사용 가능{nl} - 최대 버프 적용 개수 증가{nl} - 개인 거래 60회 가능{nl} - 미션,던전 추가 1회 추가입장	
INTL_20160512_000022	Usar para obtener los siguientes objetos:{nl} - 190 TP{nl} - Token: 15 Días{nl} - 20x Poción de HP y SP Altamente Condensada{nl} - 15x Cristal de Alma{nl} - 15x Megáfono{nl} - 15x Pergamino de Teletransporte{nl}	마우스 우클릭 시 사용되며 구성물을 획득할 수 있습니다.{nl} - 190 TP{nl} - 토큰 - 증정용 (15일){nl} - 고농축 HP/SP포션 20개{nl} - 소울크리스탈 15개{nl} - 확성기 15개{nl} - 워프주문서 15개{nl}				
INTL_20160512_000023	Usar para obtener 190 TP.	사용 시 190 TP를 획득합니다.				
INTL_20160512_000024	Usar para obtener los siguientes objetos:{nl} - Token: 30 Días{nl} - 4x Pergamino de Encantamiento{nl} - 5x Vale de Reinicio de Mazmorra de Instancia{nl}	마우스 우클릭 시 사용되며 구성물을 획득할 수 있습니다.{nl} - 토큰 (30일){nl} - 마법 부여 스크롤 X 4{nl} - 인던 입장 횟수 초기화권 X 5{nl}				
INTL_20160728_000025	Aplica beneficios de Token a todos tus personajes en el servidor durante 30 días. Haz clic derecho para usar.{nl}[Beneficios del Token]{nl} - Puedes aprender atributos instantáneamente{nl} - Tarifa de comisión del Mercado reducida (30% {img white_right_arrow 16 16} 10%){nl} - Puedes listar hasta 10 objetos en el Mercado{nl} - +3 de aumento en el movimiento del personaje{nl} - +30% de EXP al cazar monstruos{nl} - Puedes usar Gestos Premium{nl} - Aumento del conteo máximo de buffs{nl} - Puedes usar Comercio Personal hasta 30 veces{nl} - 1 entrada extra de instancia para misiones y mazmorras	마우스 우클릭 시 사용되며 서버 내 모든 캐릭터에 사용 시점으로부터 30일간 혜택이 적용됩니다.{nl}[토큰 효과]{nl} - 특성 스킬 2개 동시 수련 가능{nl} - 마켓 판매 수수료율 감소(30%{img white_right_arrow 16 16}10%){nl} - 마켓 판매 등록 아이템 개수 9개{nl} - 캐릭터 이동속도 +3 증가{nl} - 몬스터 처치 시 경험치 +30% 증가{nl}(PC방 혜택, 경험의 서 효과와 중첩 가능){nl} - 프리미엄 제스쳐 사용 가능{nl} - 개인 거래 30회 가능{nl} - 개인 거래 횟수 30회{nl} - 미션,던전 1회 추가입장				
INTL_20160728_000026	Aplica beneficios de Token a todos tus personajes en el servidor durante 60 días. Haz clic derecho para usar.{nl}[Beneficios del Token]{nl} - Puedes aprender atributos instantáneamente{nl} - Tarifa de comisión del Mercado reducida (30% {img white_right_arrow 16 16} 10%){nl} - Puedes listar hasta 10 objetos en el Mercado{nl} - +3 de aumento en el movimiento del personaje{nl} - +30% de EXP al cazar monstruos{nl} - Puedes usar Gestos Premium{nl} - Aumento del conteo máximo de buffs{nl} - Puedes usar Comercio Personal hasta 60 veces{nl} - 1 entrada extra de instancia para misiones y mazmorras	마우스 우클릭 시 사용되며 서버 내 모든 캐릭터에 사용 시점으로부터 60일간 혜택이 적용됩니다.{nl}[토큰 효과]{nl} - 특성 즉시 수련 가능{nl} - 마켓 판매 수수료율 감소(30%{img white_right_arrow 16 16}10%){nl} - 마켓 판매 등록 아이템 개수 9개{nl} - 캐릭터 이동속도 +3 증가{nl} - 몬스터 처치 시 경험치 +30% 증가{nl}(PC방 혜택, 경험의 서 효과와 중첩 가능){nl} - 프리미엄 제스쳐 사용 가능{nl} - 최대 버프 적용 개수 증가{nl} - 개인 거래 60회 가능{nl} - 미션,던전 1회 추가입장	INTL_20160426_000019	Otorga beneficios de Token a todos tus personajes en el servidor durante 60 días. Haz clic derecho para usar.{nl}[Beneficios del Token]{nl} - Puedes aprender hasta 2 atributos simultáneamente{nl} - Tarifa de comisión del Mercado reducida (30% {img white_right_arrow 16 16} 10%){nl} - Puedes listar hasta 5 objetos en el Mercado{nl} - +3 de aumento en la velocidad de movimiento del personaje{nl} - +30% de EXP al cazar monstruos{nl}(Se acumula con el efecto del Tomo de EXP){nl} - Puedes usar Gestos Premium{nl} - Aumento del conteo máximo de buffs{nl} - Puedes usar Comercio Personal hasta 60 veces{nl}	마우스 우클릭 시 사용되며 서버 내 모든 캐릭터에 사용 시점으로부터 60일간 혜택이 적용됩니다.{nl}[토큰 효과]{nl} - 특성 즉시 수련 가능{nl} - 마켓 판매 수수료율 감소(30%{img white_right_arrow 16 16}10%){nl} - 마켓 판매 등록 아이템 개수 9개{nl} - 캐릭터 이동속도 +3 증가{nl} - 몬스터 처치 시 경험치 +20% 증가{nl}(PC방 혜택, 경험의 서 효과와 중첩 가능){nl} - 프리미엄 제스쳐 사용 가능{nl} - 최대 버프 적용 개수 증가{nl} - 개인 거래 60회 가능	
INTL_20160728_000027	Aplica beneficios de Token a todos tus personajes en el servidor durante 30 días. Haz clic derecho para usar.{nl}[Beneficios del Token]{nl} - Puedes aprender atributos instantáneamente{nl} - Tarifa de comisión del Mercado reducida (30% {img white_right_arrow 16 16} 10%){nl} - Puedes listar hasta 10 objetos en el Mercado{nl} - +3 de aumento en el movimiento del personaje{nl} - +30% de EXP al cazar monstruos{nl} - Puedes usar Gestos Premium{nl} - Aumento del conteo máximo de buffs{nl} - Puedes usar Comercio Personal hasta 30 veces{nl} - 1 entrada extra de instancia para misiones y mazmorras	마우스 우클릭 시 사용되며 서버 내 모든 캐릭터에 사용 시점으로부터 30일간 혜택이 적용됩니다.{nl}[토큰 효과]{nl} - 특성 즉시 수련 가능{nl} - 마켓 판매 수수료율 감소(30%{img white_right_arrow 16 16}10%){nl} - 마켓 판매 등록 아이템 개수 9개{nl} - 캐릭터 이동속도 +3 증가{nl} - 몬스터 처치 시 경험치 +30% 증가{nl}(PC방 혜택, 경험의 서 효과와 중첩 가능){nl} - 프리미엄 제스쳐 사용 가능{nl} - 최대 버프 적용 개수 증가{nl} - 개인 거래 30회 가능{nl} - 미션,던전 1회 추가입장	INTL_20160426_000020	Aplica beneficios de Token a todos tus personajes en el servidor durante 30 días. Haz clic derecho para usar.{nl}[Beneficios del Token]{nl} - Puedes aprender atributos instantáneamente{nl} - Tarifa de comisión del Mercado reducida (30% {img white_right_arrow 16 16} 10%){nl} - Puedes listar hasta 10 objetos en el Mercado{nl} - +3 de aumento en el movimiento del personaje{nl} - +30% de EXP al cazar monstruos{nl} - Puedes usar Gestos Premium{nl} - Aumento del conteo máximo de buffs{nl} - Puedes usar Comercio Personal hasta 30 veces{nl} - 1 entrada extra de instancia para misiones y mazmorras	마우스 우클릭 시 사용되며 서버 내 모든 캐릭터에 사용 시점으로부터 30일간 혜택이 적용됩니다.{nl}[토큰 효과]{nl} - 특성 즉시 수련 가능{nl} - 마켓 판매 수수료율 감소(30%{img white_right_arrow 16 16}10%){nl} - 마켓 판매 등록 아이템 개수 9개{nl} - 캐릭터 이동속도 +3 증가{nl} - 몬스터 처치 시 경험치 +30% 증가{nl}(PC방 혜택, 경험의 서 효과와 중첩 가능){nl} - 프리미엄 제스쳐 사용 가능{nl} - 최대 버프 적용 개수 증가{nl} - 개인 거래 30회 가능{nl} - 개인 거래 횟수 30회{nl} - 미션,던전 1회 추가입장	
INTL_20160728_000028	Aplica beneficios de Token a todos tus personajes en el servidor durante 7 días. Haz clic derecho para usar.{nl}[Beneficios del Token]{nl} - Puedes aprender atributos instantáneamente{nl} - Tarifa de comisión del Mercado reducida (30% {img white_right_arrow 16 16} 10%){nl} - Puedes listar hasta 10 objetos en el Mercado{nl} - +3 de aumento en el movimiento del personaje{nl} - +30% de EXP al cazar monstruos{nl} - Puedes usar Gestos Premium{nl} - Aumento del conteo máximo de buffs{nl} - 1 entrada extra de instancia para misiones y mazmorras	마우스 우클릭 시 사용되며 서버 내 모든 캐릭터에 사용 시점으로부터 7일간 혜택이 적용됩니다.{nl}[토큰 효과]{nl} - 특성 즉시 수련 가능{nl} - 마켓 판매 수수료율 감소(30%{img white_right_arrow 16 16}10%){nl} - 마켓 판매 등록 아이템 개수 9개{nl} - 캐릭터 이동속도 +3 증가{nl} - 몬스터 처치 시 경험치 +30% 증가{nl}(PC방 혜택, 경험의 서 효과와 중첩 가능){nl} - 프리미엄 제스쳐 사용 가능{nl} - 최대 버프 적용 개수 증가{nl} - 미션,던전 1회 추가입장				
INTL_20161107_000029	Haz clic derecho para obtener los siguientes objetos:{nl} - 150x Poción de HP Muy Enriquecida {nl} -  150x Poción de SP Muy Enriquecida {nl}- 20x Bola de Miel {nl}- 20x Poción de Apoyo de Asentamiento{nl}- 10x Vale de Completado de Instancia {img star_mark 20 20}{nl}- 20x Cristal de Alma{nl} - 30x Pergamino de Teletransporte {nl}- 10x Pergamino de Encantamiento{nl} - 1x Poción de Reinicio de Habilidades{nl}- 1x Poción de Reinicio de Estadísticas	마우스 우클릭 시 사용되며 구성물을 획득할 수 있습니다.{nl} - 고농축 HP포션 150개{nl} - 고농축 SP포션 150개{nl} - 대왕꿀송편 20개{nl}- 정착지원 포션 20개{nl}- 인스턴스 던전 소탕권 [★] 10개{nl}- 소울 크리스탈 20개{nl}- 워프주문서 30개{nl}- 마부스크롤 10개{nl}- 스킬 초기화 포션 1개{nl}- 스탯 초기화 포션 1개				
INTL_20161114_000030	Retraso de pago de plata por ventas del Mercado: 24 horas.	마켓 판매 실버대금 딜레이 24시간.				
INTL_20161114_000031	Retraso de pago de plata por ventas con Token: 1 hora.	토큰전용 판매실버대금 1시간.				
INTL_20161114_000032	Retraso de pago de plata por ventas con Token: 24 horas.	토큰전용 판매실버대금 24시간.	INTL_20161114_000031	Retraso de pago de plata por ventas con Token: 1 hora.	토큰전용 판매실버대금 1시간.	
INTL_20161121_000033	Haz clic derecho para obtener los siguientes objetos:{nl} - 100x Poción de HP Altamente Condensada {nl} -  100x Poción de SP Altamente Condensada {nl}- 10x Bola de Miel {nl}- 10x Poción de Apoyo de Asentamiento{nl}- 5x Vale de Completado de Instancia {img star_mark 20 20}{nl} - 1x Poción de Reinicio de Habilidades{nl}- 1x Poción de Reinicio de Estadísticas	마우스 우클릭 시 사용되며 구성물을 획득할 수 있습니다.{nl} - 고농축 HP포션 100개{nl} - 고농축 SP포션 100개{nl} - 대왕꿀송편 10개{nl}- 정착지원 포션 10개{nl}- 인스턴스 던전 소탕권 [★] 5개{nl}- 스킬 초기화 포션 1개{nl}- 스탯 초기화 포션 1개				
INTL_20161214_000034	Los usuarios de Token no se ven afectados.	토큰 사용자는 상/하안가에 영향을 받지 않는다.				
INTL_20161214_000035	¿Será el Token comerciable después de ser comerciado en el Mercado? (1: comerciable, 0: no comerciable)	토큰은 마켓에서 거래한 이후에도 계속 거래 가능하게 할 것인가?(1:거래가능, 0:거래불가)				
INTL_20170510_000036	Haz clic derecho para obtener los siguientes objetos:{nl} - Token: 7 Días [Evento]{nl} - Pergamino de Encantamiento (14 Días) x10{nl} - Emote Plus: Popolion{nl}- Caja de Traje Simple{nl}- Abanico Imperial (30 Días){nl} - Boina Roja{nl} - Tinte Salmón Claro{nl} - Lentes de Contacto Carmesí{nl} - Poción de Apoyo de Asentamiento Nv2 x10{nl} -Poción de Restauración Keista Nv2 x20	마우스 우클릭 시 사용되며 구성물을 획득할 수 있습니다.{nl} - 토큰:7일[증정용]{nl} - 마법 부여 스크롤(14일) 10개{nl} - 이모티콘 플러스 패키지 : 포포리온{nl}- 심플 코스튬 상자{nl}- 파초선(30일){nl} - 붉은 베레모{nl} - 라이트 살몬 염색약{nl} - 크림슨 렌즈{nl} - 정착 지원 포션 Lv2 10개{nl} - 케이스타스 회복포션Lv2 20개				
INTL_20170605_000037	Una corona creada en nombre de una reina sin nombre.{nl} Se puede intercambiar por medallas en la Tienda de Intercambio.	이름없는 여왕을 위해서 제작된 왕관입니다.{nl} 리사이클샵에서 메달로 교환 가능합니다.				
INTL_20170605_000038	Una herramienta hecha de material elástico largo que, al aplicar esfuerzo, produce energía al girar.{nl} Se puede intercambiar por medallas en la Tienda de Intercambio.	축을 중심으로 돌려서 길다란 고탄성 소재를 감은뒤 그것이 돌아가는 힘을 이용해 동력을 만들어내는 장치입니다.{nl}리사이클샵에서 메달로 교환 가능합니다.				
INTL_20170605_000039	Una herramienta usada para hornear pan rápidamente.{nl} Se puede intercambiar por medallas en la Tienda de Intercambio.	쉽게 빠르게 빵을 굽는 도구입니다.{nl} 리사이클샵에서 메달로 교환 가능합니다.				
INTL_20170605_000040	La forma más avanzada de transmitir información.{nl} Se puede intercambiar por medallas en la Tienda de Intercambio.	정보를 전달하는 이 세계의 최신 기술입니다.{nl} 리사이클샵에서 메달로 교환 가능합니다.				
INTL_20170703_000041	¡Sí, girar la cabeza unos 270 grados es posible!{nl}Se puede intercambiar por medallas en la Tienda de Intercambio.	고개를 약 270도 까지 돌리는 것이 가능합니다.{nl} 리사이클샵에서 메달로 교환 가능합니다.				
INTL_20170703_000042	Una pequeña figura tallada por un Dievdirbys.{nl}Se puede intercambiar por medallas en la Tienda de Intercambio.	딥디르비가 만든 착용 가능한 세계수 조각 머리 장식입니다.{nl} 리사이클샵에서 메달로 교환 가능합니다.				
INTL_20170728_000043	¡¡¡ESPARTAAAAA!!!{nl}Se puede intercambiar por medallas en la Tienda de Intercambio.	스파르타!!!!!{nl} 리사이클샵에서 메달로 교환 가능합니다.				
INTL_20170925_000044	Aplica beneficios de Token a todos tus personajes en el servidor durante 30 días. Haz clic derecho para usar.{nl}[Beneficios del Token]{nl} - Puedes aprender atributos instantáneamente{nl} - Tarifa de comisión del Mercado reducida (30% {img white_right_arrow 16 16} 10%){nl} - Puedes listar hasta 10 objetos en el Mercado{nl} - +3 de aumento en el movimiento del personaje{nl} - +30% de EXP al cazar monstruos{nl} - Puedes usar Gestos Premium{nl} - Aumento del conteo máximo de buffs{nl} - Puedes usar Comercio Personal hasta 30 veces{nl} - 1 entrada extra de instancia para misiones y mazmorras	마우스 우클릭 시 사용되며 서버 내 모든 캐릭터에 사용 시점으로부터 30일간 혜택이 적용됩니다.{nl}[토큰 효과]{nl} - 특성 스킬 2개 동시 수련 가능{nl} - 마켓 판매 수수료율 감소(30%{img white_right_arrow 16 16}10%){nl} - 마켓 판매 등록 아이템 개수 9개{nl} - 캐릭터 이동속도 +3 증가{nl} - 몬스터 처치 시 경험치 +30% 증가{nl}(PC방 혜택, 경험의 서 효과와 중첩 가능){nl} - 프리미엄 제스쳐 사용 가능{nl} - 개인 거래 30회 가능{nl} - 미션,던전 1회 추가입장{nl} - 살러스 수녀원 미션 완료 보상 +1	INTL_20160728_000025	Aplica beneficios de Token a todos tus personajes en el servidor durante 30 días. Haz clic derecho para usar.{nl}[Beneficios del Token]{nl} - Puedes aprender atributos instantáneamente{nl} - Tarifa de comisión del Mercado reducida (30% {img white_right_arrow 16 16} 10%){nl} - Puedes listar hasta 10 objetos en el Mercado{nl} - +3 de aumento en el movimiento del personaje{nl} - +30% de EXP al cazar monstruos{nl} - Puedes usar Gestos Premium{nl} - Aumento del conteo máximo de buffs{nl} - Puedes usar Comercio Personal hasta 30 veces{nl} - 1 entrada extra de instancia para misiones y mazmorras	마우스 우클릭 시 사용되며 서버 내 모든 캐릭터에 사용 시점으로부터 30일간 혜택이 적용됩니다.{nl}[토큰 효과]{nl} - 특성 스킬 2개 동시 수련 가능{nl} - 마켓 판매 수수료율 감소(30%{img white_right_arrow 16 16}10%){nl} - 마켓 판매 등록 아이템 개수 9개{nl} - 캐릭터 이동속도 +3 증가{nl} - 몬스터 처치 시 경험치 +30% 증가{nl}(PC방 혜택, 경험의 서 효과와 중첩 가능){nl} - 프리미엄 제스쳐 사용 가능{nl} - 개인 거래 30회 가능{nl} - 개인 거래 횟수 30회{nl} - 미션,던전 1회 추가입장	
INTL_20170925_000045	Aplica beneficios de Token a todos tus personajes en el servidor durante 30 días. Haz clic derecho para usar.{nl}[Beneficios del Token]{nl} - Puedes aprender atributos instantáneamente{nl} - Tarifa de comisión del Mercado reducida (30% {img white_right_arrow 16 16} 10%){nl} - Puedes listar hasta 10 objetos en el Mercado{nl} - +3 de aumento en el movimiento del personaje{nl} - +30% de EXP al cazar monstruos{nl} - Puedes usar Gestos Premium{nl} - Aumento del conteo máximo de buffs{nl} - Puedes usar Comercio Personal hasta 30 veces{nl} - 1 entrada extra de instancia para misiones y mazmorras	마우스 우클릭 시 사용되며 서버 내 모든 캐릭터에 사용 시점으로부터 30일간 혜택이 적용됩니다.{nl}[토큰 효과]{nl} - 특성 즉시 수련 가능{nl} - 마켓 판매 수수료율 감소(30%{img white_right_arrow 16 16}10%){nl} - 마켓 판매 등록 아이템 개수 9개{nl} - 캐릭터 이동속도 +3 증가{nl} - 몬스터 처치 시 경험치 +30% 증가{nl}(PC방 혜택, 경험의 서 효과와 중첩 가능){nl} - 프리미엄 제스쳐 사용 가능{nl} - 최대 버프 적용 개수 증가{nl} - 개인 거래 30회 가능{nl} - 미션,던전 1회 추가입장{nl} - 살러스 수녀원 미션 완료 보상 +1	INTL_20160728_000027	Aplica beneficios de Token a todos tus personajes en el servidor durante 30 días. Haz clic derecho para usar.{nl}[Beneficios del Token]{nl} - Puedes aprender atributos instantáneamente{nl} - Tarifa de comisión del Mercado reducida (30% {img white_right_arrow 16 16} 10%){nl} - Puedes listar hasta 10 objetos en el Mercado{nl} - +3 de aumento en el movimiento del personaje{nl} - +30% de EXP al cazar monstruos{nl} - Puedes usar Gestos Premium{nl} - Aumento del conteo máximo de buffs{nl} - Puedes usar Comercio Personal hasta 30 veces{nl} - 1 entrada extra de instancia para misiones y mazmorras	마우스 우클릭 시 사용되며 서버 내 모든 캐릭터에 사용 시점으로부터 30일간 혜택이 적용됩니다.{nl}[토큰 효과]{nl} - 특성 즉시 수련 가능{nl} - 마켓 판매 수수료율 감소(30%{img white_right_arrow 16 16}10%){nl} - 마켓 판매 등록 아이템 개수 9개{nl} - 캐릭터 이동속도 +3 증가{nl} - 몬스터 처치 시 경험치 +30% 증가{nl}(PC방 혜택, 경험의 서 효과와 중첩 가능){nl} - 프리미엄 제스쳐 사용 가능{nl} - 최대 버프 적용 개수 증가{nl} - 개인 거래 30회 가능{nl} - 미션,던전 1회 추가입장	
INTL_20170925_000046	Otorga beneficios de Token a todos tus personajes en el servidor durante 60 días. Haz clic derecho para usar.{nl}[Beneficios del Token]{nl} - Puedes aprender hasta 2 atributos simultáneamente{nl} - Tarifa de comisión del Mercado reducida (30% {img white_right_arrow 16 16} 10%){nl} - Puedes listar hasta 10 objetos en el Mercado{nl} - +3 de aumento en la velocidad de movimiento del personaje{nl} - +30% de EXP al cazar monstruos{nl}(Se acumula con el efecto del Tomo de EXP){nl} - Puedes usar Gestos Premium{nl} - Aumento del conteo máximo de buffs{nl} - Puedes usar Comercio Personal hasta 60 veces{nl} - 1 entrada extra de instancia para misiones y mazmorras	마우스 우클릭 시 사용되며 서버 내 모든 캐릭터에 사용 시점으로부터 60일간 혜택이 적용됩니다.{nl}[토큰 효과]{nl} - 특성 스킬 즉시 수련 가능{nl} - 마켓 판매 수수료율 감소(30%{img white_right_arrow 16 16}10%){nl} - 마켓 판매 등록 아이템 개수 9개{nl} - 캐릭터 이동속도 +3 증가{nl} - 몬스터 처치 시 경험치 +30% 증가{nl}(PC방 혜택, 경험의 서 효과와 중첩 가능){nl} - 프리미엄 제스쳐 사용 가능{nl} - 최대 버프 적용 개수 증가{nl} - 개인 거래 60회 가능{nl} - 미션,던전 추가 1회 추가입장{nl} - 살러스 수녀원 미션 완료 보상 +1	INTL_20160426_000021	Otorga beneficios de Token a todos tus personajes en el servidor durante 60 días. Haz clic derecho para usar.{nl}[Beneficios del Token]{nl} - Puedes aprender hasta 2 atributos simultáneamente{nl} - Tarifa de comisión del Mercado reducida (30% {img white_right_arrow 16 16} 10%){nl} - Puedes listar hasta 10 objetos en el Mercado{nl} - +3 de aumento en la velocidad de movimiento del personaje{nl} - +30% de EXP al cazar monstruos{nl}(Se acumula con el efecto del Tomo de EXP){nl} - Puedes usar Gestos Premium{nl} - Aumento del conteo máximo de buffs{nl} - Puedes usar Comercio Personal hasta 60 veces{nl} - 1 entrada extra de instancia para misiones y mazmorras	마우스 우클릭 시 사용되며 서버 내 모든 캐릭터에 사용 시점으로부터 60일간 혜택이 적용됩니다.{nl}[토큰 효과]{nl} - 특성 스킬 즉시 수련 가능{nl} - 마켓 판매 수수료율 감소(30%{img white_right_arrow 16 16}10%){nl} - 마켓 판매 등록 아이템 개수 9개{nl} - 캐릭터 이동속도 +3 증가{nl} - 몬스터 처치 시 경험치 +30% 증가{nl}(PC방 혜택, 경험의 서 효과와 중첩 가능){nl} - 프리미엄 제스쳐 사용 가능{nl} - 최대 버프 적용 개수 증가{nl} - 개인 거래 60회 가능{nl} - 미션,던전 추가 1회 추가입장	
INTL_20170925_000047	Aplica beneficios de Token a todos tus personajes en el servidor durante 7 días. Haz clic derecho para usar.{nl}[Beneficios del Token]{nl} - Puedes aprender atributos instantáneamente{nl} - Tarifa de comisión del Mercado reducida (30% {img white_right_arrow 16 16} 10%){nl} - Puedes listar hasta 10 objetos en el Mercado{nl} - +3 de aumento en el movimiento del personaje{nl} - +30% de EXP al cazar monstruos{nl} - Puedes usar Gestos Premium{nl} - Aumento del conteo máximo de buffs{nl} - 1 entrada extra de instancia para misiones y mazmorras	마우스 우클릭 시 사용되며 서버 내 모든 캐릭터에 사용 시점으로부터 7일간 혜택이 적용됩니다.{nl}[토큰 효과]{nl} - 특성 즉시 수련 가능{nl} - 마켓 판매 수수료율 감소(30%{img white_right_arrow 16 16}10%){nl} - 마켓 판매 등록 아이템 개수 9개{nl} - 캐릭터 이동속도 +3 증가{nl} - 몬스터 처치 시 경험치 +30% 증가{nl}(PC방 혜택, 경험의 서 효과와 중첩 가능){nl} - 프리미엄 제스쳐 사용 가능{nl} - 최대 버프 적용 개수 증가{nl} - 미션,던전 1회 추가입장{nl} - 살러스 수녀원 미션 완료 보상 +1	INTL_20160728_000028	Aplica beneficios de Token a todos tus personajes en el servidor durante 7 días. Haz clic derecho para usar.{nl}[Beneficios del Token]{nl} - Puedes aprender atributos instantáneamente{nl} - Tarifa de comisión del Mercado reducida (30% {img white_right_arrow 16 16} 10%){nl} - Puedes listar hasta 10 objetos en el Mercado{nl} - +3 de aumento en el movimiento del personaje{nl} - +30% de EXP al cazar monstruos{nl} - Puedes usar Gestos Premium{nl} - Aumento del conteo máximo de buffs{nl} - 1 entrada extra de instancia para misiones y mazmorras	마우스 우클릭 시 사용되며 서버 내 모든 캐릭터에 사용 시점으로부터 7일간 혜택이 적용됩니다.{nl}[토큰 효과]{nl} - 특성 즉시 수련 가능{nl} - 마켓 판매 수수료율 감소(30%{img white_right_arrow 16 16}10%){nl} - 마켓 판매 등록 아이템 개수 9개{nl} - 캐릭터 이동속도 +3 증가{nl} - 몬스터 처치 시 경험치 +30% 증가{nl}(PC방 혜택, 경험의 서 효과와 중첩 가능){nl} - 프리미엄 제스쳐 사용 가능{nl} - 최대 버프 적용 개수 증가{nl} - 미션,던전 1회 추가입장	
INTL_20171013_000048	Pergamino de Transformación Especial	특별한 변신 스크롤				
INTL_20171013_000049	Un pergamino que permite al usuario transformarse.	변신하는 스크롤입니다.				
INTL_20171013_000050	Usar para seleccionar un arma de nivel 315.	315제 무기 장비를 선택할 수 있습니다.				
INTL_20171023_000051	Haz clic derecho para obtener los siguientes objetos.{nl}- Globo Cachorro x1{nl}- Yunque de Diamante x1{nl}- Yunque Dorado x3{nl}- Yunque de Plata x3{nl}- Cupón de Mejora: 100,000 de Plata x10{nl}- Puntos de Atributo: 1,000 x1{nl}- Poción de HP Altamente Condensada x20{nl}- Poción de SP Altamente Condensada x20{nl}- Poción de Apoyo de Asentamiento Nv2 x10{nl}- Estatua de la Diosa x5{nl}- Poción de Velocidad de Movimiento Altamente Condensada x5	마우스 우클릭 시 사용되며 구성물을 획득할 수 있습니다.{nl} - 강아지 풍선{nl} - 다이아몬드 모루{nl} - 황금 모루 3개{nl}- 은빛 모루 3개{nl}- 강화 실버 할인 쿠폰 : 10만 실버 10개{nl} - 특성 포인트 1,000{nl} - 고농축 HP포션 20개{nl} - 고농축 SP포션 20개{nl} - 정착 지원 포션 Lv2 10개{nl} - 여신의 조각상 5개{nl} - 고농축 이동속도 증가 포션 5개				
INTL_20171103_000052	Cubo de Muñeca Maldita	생존 보상 큐브				
INTL_20171205_000053	- Puedes aprender atributos instantáneamente{nl} - Tarifa de comisión del Mercado reducida (30% {img white_right_arrow 16 16} 10%){nl} - Puedes listar hasta 10 objetos en el Mercado{nl} - +3 de aumento en el movimiento del personaje{nl} - Una entrada adicional en misiones y mazmorra	 - 특성 즉시 수련 가능{nl} - 마켓 판매 수수료율 감소(30%{img white_right_arrow 16 16}10%){nl} - 마켓 판매 등록 아이템 개수 10개{nl} - 캐릭터 이동속도 +3{nl} - 미션,던전 1회 추가입장{nl} - 프리미엄 제스쳐 사용 가능{nl}	INTL_20160323_000004	- Puedes aprender hasta 2 atributos simultáneamente{nl} - Tarifa de comisión del Mercado reducida (30% {img white_right_arrow 16 16} 10%){nl} - Puedes listar hasta 5 objetos en el Mercado{nl} - +3 de aumento en la velocidad de movimiento del personaje{nl} - Solo puedes comerciar hasta 30 veces{nl	- 특성 스킬 2개 동시 수련 가능{nl} - 마켓 판매 수수료율 감소(30%{img white_right_arrow 16 16}10%){nl} - 마켓 판매 등록 아이템 개수 5개{nl} - 캐릭터 이동속도 +3{nl} - 미션,던전 1회 추가입장{nl} - 최대 버프 적용 개수 증가{nl} - 프리미엄 제스쳐 사용 가능{nl}	
INTL_20171205_000054	Otorga beneficios de Token a todos tus personajes en el servidor durante 30 días. Consulta el tiempo restante en Info del Personaje.{nl}[Beneficios del Token]{nl} - Puedes aprender atributos instantáneamente{nl} - Tarifa de comisión del Mercado reducida (30% {img white_right_arrow 16 16} 10%){nl} - Puedes listar hasta 10 objetos en el Mercado{nl} - Puedes registrar objetos en el Mercado fuera de los límites de precio mín./máx.{nl} - Puedes recuperar la plata del Mercado instantáneamente{nl} - +30% de EXP al cazar monstruos{nl}(Se acumula con los efectos del Tomo de EXP){nl} - Puedes usar Gestos Premium{nl} - +1 recompensa adicional de las Misiones Saalus{nl} - Puedes usar Comercio Personal hasta 30 veces{nl} - Descuento de 2 Piedras en entradas de Mazmorra de Incursión	마우스 우클릭 시 사용되며 서버 내 모든 캐릭터에 사용 시점으로부터 30일간 혜택이 적용됩니다. 캐릭터 정보창에서 잔여 시간을 확인하실 수 있습니다.{nl}[토큰 효과]{nl} - 특성 즉시 수련 가능{nl} - 마켓 판매 수수료율 감소(30%{img white_right_arrow 16 16}10%){nl} - 마켓 판매 등록 아이템 개수 10개{nl} - 마켓 상/하한가 관계없이 물품 등록 가능{nl} - 마켓 판매금 즉시 수령{nl} - 캐릭터 이동속도 +3 증가{nl} - 몬스터 처치 시 경험치 +30% 증가{nl}(PC방 혜택, 경험의 서 효과와 중첩 가능){nl} - 팀 창고 이용 가능{nl} - 프리미엄 제스쳐 사용 가능{nl} - 개인 거래 30회 가능{nl} - 살러스 수녀원 미션 완료 보상 +1{nl} - 레이드 던전 입장 아이템 소모 개수 -2	INTL_20170925_000044	Aplica beneficios de Token a todos tus personajes en el servidor durante 30 días. Haz clic derecho para usar.{nl}[Beneficios del Token]{nl} - Puedes aprender atributos instantáneamente{nl} - Tarifa de comisión del Mercado reducida (30% {img white_right_arrow 16 16} 10%){nl} - Puedes listar hasta 10 objetos en el Mercado{nl} - +3 de aumento en el movimiento del personaje{nl} - +30% de EXP al cazar monstruos{nl} - Puedes usar Gestos Premium{nl} - Aumento del conteo máximo de buffs{nl} - Puedes usar Comercio Personal hasta 30 veces{nl} - 1 entrada extra de instancia para misiones y mazmorras	마우스 우클릭 시 사용되며 서버 내 모든 캐릭터에 사용 시점으로부터 30일간 혜택이 적용됩니다.{nl}[토큰 효과]{nl} - 특성 스킬 2개 동시 수련 가능{nl} - 마켓 판매 수수료율 감소(30%{img white_right_arrow 16 16}10%){nl} - 마켓 판매 등록 아이템 개수 9개{nl} - 캐릭터 이동속도 +3 증가{nl} - 몬스터 처치 시 경험치 +30% 증가{nl}(PC방 혜택, 경험의 서 효과와 중첩 가능){nl} - 프리미엄 제스쳐 사용 가능{nl} - 개인 거래 30회 가능{nl} - 미션,던전 1회 추가입장{nl} - 살러스 수녀원 미션 완료 보상 +1	
INTL_20171222_000055	Caja de Álbum de Cartas de Monstruo	몬스터 카드첩 상자				
INTL_20171222_000056	Haz clic derecho para obtener los siguientes objetos:{nl} - Álbum de Cartas de Monstruo: Rojo x1{nl} - Álbum de Cartas de Monstruo: Azul x1{nl} - Álbum de Cartas de Monstruo: Verde x1{nl} - Álbum de Cartas de Monstruo: Púrpura x1	마우스 우클릭 시 사용되며 구성물을 획득할 수 있습니다.{nl} - 몬스터 카드첩 : 레드 x1{nl} - 몬스터 카드첩 : 블루 x1{nl} - 몬스터 카드첩 : 그린 x1{nl} - 몬스터 카드첩 : 퍼플 x1				
INTL_20180102_000057	Título - Feliz Año Nuevo 2018	칭호 - 2018 Happy New Year				
INTL_20180102_000058	Una llave entregada a los participantes del evento de Saludos de Deseos de Feliz Año Nuevo 2018.{nl}Parece que podría abrir Barras de Oro.	2018 Happy New Year Wishes Greetings 수상자에게 지급되는 열쇠입니다.{nl}금괴를 열 수 있을 것 같습니다.				
INTL_20180108_000059	Una llave entregada a los participantes del evento de Saludos de Deseos de Feliz Año Nuevo 2018.{nl}Parece que podría abrir una especie de bóveda.	2018 Happy New Year Wishes Greetings 수상자에게 지급되는 열쇠입니다.{nl}금고를 열 수 있을 것 같습니다.				
INTL_20180108_000060	¡Recibiste una Llave de la Suerte del evento de Facebook!{nl}(28 de diciembre de 2017 al 9 de enero de 2018)	Lucky Key는 Facebook 이벤트에서 지급되었습니다.{nl}(2017년 12월 28일 ~ 2018년 1월 9일)				금괴
INTL_20180108_000061	Bóveda	금고				
INTL_20180115_000062	Título otorgado a los ganadores del festival de fanart ¡Actualización de Rango: Edición de 4 Nuevas Clases!	Rank Update: 4 New Classes Edition! 수상자에게 지급되는 칭호입니다.				
INTL_20180115_000063	Título - Artista de Nueva Clase	칭호 - New Class Artist				
INTL_20180115_000064	Título otorgado a los ganadores del festival de fanart ¡Actualización de Rango: Edición de 4 Nuevas Clases! Haz clic derecho para usar.	Rank Update: 4 New Classes Edition! 수상자에게 지급되는 칭호입니다. 마우스 오른쪽 클릭으로 사용합니다.				
INTL_20180122_000065	Caja Goro	고로 상자				
INTL_20180123_000066	Buff de Cazador - 1	가문의 영광 1단계				
INTL_20180123_000067	+20% de EXP al cazar monstruos	몬스터 처치 시 획득 경험치 +20%				
INTL_20180123_000068	Buff de Cazador - 2	가문의 영광 2단계				
INTL_20180123_000069	+40% de EXP al cazar monstruos	몬스터 처치 시 획득 경험치 +40%	SKILL_20161226_007304	+60% de EXP al cazar monstruos{nl}+2 de velocidad de movimiento	몬스터 처치 시 획득 경험치 +60%{nl}이동 속도 +2	
INTL_20180123_000070	Buff de Cazador - 3	가문의 영광 3단계				
INTL_20180123_000071	+60% de EXP al cazar monstruos	몬스터 처치 시 획득 경험치 +60%	SKILL_20161226_007306	+90% de EXP al cazar monstruos{nl}+3 de velocidad de movimiento	몬스터 처치 시 획득 경험치 +90%{nl}이동 속도 +3	
INTL_20180123_000072	Buff de Cazador - 4	가문의 영광 4단계				
INTL_20180123_000073	+80% de EXP al cazar monstruos	몬스터 처치 시 획득 경험치 +80%	SKILL_20161226_007308	+120% de EXP al cazar monstruos{nl}+4 de velocidad de movimiento	몬스터 처치 시 획득 경험치 +120%{nl}이동 속도 +4	
INTL_20180123_000074	Buff de Cazador - 5	가문의 영광 5단계				
INTL_20180202_000075	Caja de Chocolates	소녀의 마음				
INTL_20180202_000076	Una encantadora caja de chocolates hechos a mano para el Día de San Valentín. Usar para aplicar +50% de ganancia de EXP durante 1 hora.	달달한 맛으로, 뇌의 회전을 도와주는 초콜릿입니다. 사용 시, 1시간동안 경험치 획득량 +50% 효과를 얻습니다.				
INTL_20180214_000077	Buff del Último Invierno	마지막 겨울 버프				
INTL_20180214_000078	+30% de EXP al cazar monstruos	몬스터 처치 시 획득 경험치 +30%				
INTL_20180214_000079	Llave de Invierno	겨울 열쇠				
INTL_20180214_000080	Úsala para abrir la Bóveda en Klaipeda.{nl}(Se eliminará al final del evento.)	마지막 겨울 이벤트에서 사용되는 열쇠입니다.{nl}(이벤트 종료 시 일괄 삭제됩니다.)				
INTL_20180214_000081	Carámbano (14 Días)	고드름(14일)				
INTL_20180214_000082	¡Derrítelo junto al fuego y mira qué hay dentro!{nl}(Se eliminará al final del evento.)	고드름을 녹이면 무엇이 들어있을까요?{nl}(고드름은 장작 주위에서만 사용 가능합니다.)				
INTL_20180214_000083	¡Recolecta 10 Llaves de Invierno para obtener el nuevo compañero Pingüino de Invierno!	Winter Key 10개를 모으시면 "윈터펭" 을 드립니다.{nl}(Winter Key는 2월 20일 이벤트에서 획득할 수 있습니다.)				금고
INTL_20180214_000084	El evento El Último Invierno ya está disponible.{nl}¡No te pierdas al nuevo compañero Pingüino de Invierno y mucho más!	마지막 겨울 이벤트가 진행 중입니다.{nl}마지막 겨울 선물과 버프는 물론, 신규 컴패니언 윈터펭도 만나보세요.				이벤트 알림판
INTL_20180214_000085	Recolecta 10 Llaves de Invierno para obtener el compañero Pingüino de Invierno.{nl}(Recibe las Llaves del Tablón de Anuncios de Eventos todos los días.)	Winter Key 10개를 모으시면 "윈터펭" 을 드립니다.{nl}(이벤트 알림판에서 마지막 겨울 선물을 받으세요.)				금고
INTL_20180214_000086	¡Puedes seguir recibiendo más recompensas cada día usando las Llaves de Invierno!{nl}Cada Llave que uses para abrir la Bóveda te da una nueva recompensa.	Winter Key로 추가 보상을 받을 수 있습니다.{nl}(Winter Key 1개당 1회의 추가 보상이 주어집니다.)				금고
INTL_20180214_000087	Ya estás usando este buff.	이미 버프가 존재합니다.				이벤트 알림판
INTL_20180214_000088	Es demasiado pronto, vuelve más tarde.	너무 이릅니다.				이벤트 알림판
INTL_20180214_000089	El Último Invierno	마지막 겨울 이벤트				
INTL_20180214_000090	Recibir Buff del Último Invierno	마지막 겨울 버프 받기				
INTL_20180214_000091	Recibir Regalo del Último Invierno	마지막 겨울 선물 받기				
INTL_20180214_000092	Ayudante de EXP de Fin de Semana	주말 경험치 지원				
INTL_20180219_000093	Prisión del Demonio Gremio (Nv recomendado: 115){nl}Solo tú y los miembros de tu grupo pueden entrar juntos.{nl}¿Seguro que deseas entrar?	염원의 비석로 (권장 레벨:180)에 입장하시겠습니까?{nl}당신과 파티를 맺은 플레이어만이 함께 입장할 수 있습니다.				
INTL_20180219_000094	Familia Legwyn Caída (Nv recomendado: 230){nl}Solo tú y los miembros de tu grupo pueden entrar juntos.{nl}¿Seguro que deseas entrar?	쇠락한 르귄가문의 저택 (권장 레벨:230)에 입장하시겠습니까?{nl}당신과 파티를 맺은 플레이어만이 함께 입장할 수 있습니다.				
INTL_20180219_000095	Subterráneo del Castillo (Nv recomendado: 300){nl}Solo tú y los miembros de tu grupo pueden entrar juntos.{nl}¿Seguro que deseas entrar?	캐슬 지하 (권장 레벨:300)에 입장하시겠습니까?{nl}당신과 파티를 맺은 플레이어만이 함께 입장할 수 있습니다.				
INTL_20180219_000096	Ayudante de EXP	성장 지원 도우미				
INTL_20180305_000097	 {nl}{CUBE}s abiertos: {@st66d_y}{s18}{SUM}{/}{/}{nl}Abre {@st66d_y}{s18}{COUNT}{/}{/} Cubos más para recibir la recompensa de {@st66d_y}{s18}{BOUNS}{/}{/} Cubos.{nl}Puedes recibir la(s) recompensa(s) de {@st66d_y}{s18}{REWARD}{/}{/} Cubos abiertos.{nl}¿Deseas recibir la(s) recompensa(s) ahora?	 {nl}{CUBE} 사용 횟수 : {@st66d_y}{s18}{SUM}{/}{/}{nl}앞으로 {@st66d_y}{s18}{COUNT}{/}{/}회 사용시 {@st66d_y}{s18}{BOUNS}{/}{/}회 보상을 받을 수 있습니다.{nl}{@st66d_y}{s18}{REWARD}{/}{/} 회 보상을 받을 수 있습니다.{nl}수령하시겠습니까?				
INTL_20180305_000098	 {nl}{CUBE}s abiertos: {@st66d_y}{s18}{SUM}{/}{/}{nl}Abre {@st66d_y}{s18}{COUNT}{/}{/} Cubos más para recibir la recompensa de {@st66d_y}{s18}{BOUNS}{/}{/} Cubos.	 {nl}{CUBE}  사용 횟수 : {@st66d_y}{s18}{SUM}{/}{/}{nl}앞으로 {@st66d_y}{s18}{COUNT}{/}{/}회 사용시 {@st66d_y}{s18}{BOUNS}{/}{/}회 보상을 받을 수 있습니다.				
INTL_20180305_000099	Cubo de Bonificación	보너스 큐브				
INTL_20180312_000100	Título otorgado a los ganadores del evento de fanart del 2º Aniversario.	스팀 2주년 팬아트 수상자에게 주어지는 칭호 입니다.				
INTL_20180312_000101	Título - ¡Feliz 2º Aniversario!	칭호 - Happy 2nd Anniversary!				
INTL_20180312_000102	Título otorgado a los ganadores del evento de fanart del 2º Aniversario. Haz clic derecho para usar.	스팀 팬아트 수상자에게 지급되는 칭호입니다. 마우스 오른쪽 클릭으로 사용합니다.				
INTL_20180312_000103	 {nl}Has sido asignado al equipo {@st66d_y}{s18}{TEAM}{/}{/}.{nl}Derrota monstruos para recolectar {@st66d_y}{s18}{ITEM}s{/}{/}.	 {nl}{@st66d_y}{s18}{TEAM}{/}{/} 에 배정되었습니다.{nl}몬스터 처치시 {@st66d_y}{s18}{ITEM}{/}{/}을 획득할 수 있습니다.				
INTL_20180312_000104	Intercambio de Objetos	아이템 교환				
INTL_20180312_000105	El Desafío de Equipo de Vaivora	마을 축제				
INTL_20180312_000106	Buff de Evento	이벤트 버프				
INTL_20180316_000107	El poder del petardo se ha extendido a todos los miembros del grupo.	기념을 축하하는 폭죽의 힘이 공유되고 있습니다.				
INTL_20180316_000108	Huevo de Pájaro de Batalla Brillante	빛나는 전투 뱁새 알				
INTL_20180316_000109	Petardo del 2º Aniversario	2주년 폭죽				
INTL_20180316_000110	Objeto del Evento del 2º Aniversario.{nl}Aumenta la velocidad de movimiento +4, la tasa de ataque en área +1 y las ganancias de EXP +25% de todos los miembros del grupo durante 30 minutos.	2주년 이벤트 아이템입니다.{nl} 30분간 파티원 전체의 이동속도 +4, 광역 공격 비율 +1 경험치 25% 증가의 효과를 줍니다.				
INTL_20180316_000111	Iniciar Evento del 2º Aniversario	이벤트 워프 주문서 - 2주년 이벤트 시작				
INTL_20180316_000112	Un Pergamino de Teletransporte de evento.{nl}Úsalo para moverte al NPC del Evento del 2º Aniversario.	이벤트용 워프 주문서입니다.{nl}사용 시 2주년 이벤트 시작 npc 앞으로 이동합니다.				
INTL_20180316_000113	Brazalete del 2º Aniversario de Steam	스팀 2주년 암밴드				
INTL_20180316_000114	Un accesorio de brazalete que celebra 2 años de TOS en Steam.	스팀 2주년을 기념하여 제작된 암밴드 입니다.				
INTL_20180316_000115	Naranja Sonriente	스마일 오렌지				
INTL_20180316_000116	El pequeño amigo naranja de GM Orange. Esta peculiar naranja es conocida por sus muchas expresiones, lo que hace que algunas personas piensen que fue afectada por Medzio Diena.	GM 오렌지의 머리 위에있는 오렌지. 다양한 표정을 지을 수 있는 것으로 보아 Medzio Diena의 영향을 받았다고 의심된다.				
INTL_20180316_000117	Café de Sardina	정어리 커피				
INTL_20180316_000118	La taza de café de GM Papaya. Aunque contiene café (y una sardina), el contenido de la taza nunca se derrama, para diversión de los espectadores.	GM 파파야의 커피. 살아있는 정어리가 들어있다. 마법적인 힘으로 인해 어떤 각도에서든 머리에서 떨어지지 않는다.				
INTL_20180316_000119	Lentes en Espiral	뱅글 안경				
INTL_20180316_000120	Los famosos lentes en espiral del Dr. No. Úsalos con una lata de Red Ox en la mano para mejores resultados. Efectos secundarios: puede causar mareos.	Dr. No의 안경. 일을 할 때 Red Ox과 같이 사용하면 효율이 높아진다고 한다. 주의: 같이있을 경우 어지러울 수 있다.				
INTL_20180316_000121	Paquete de Huevo de Pájaro de Batalla Brillante	빛나는 전투 뱁새 패키지				
INTL_20180316_000122	Haz clic derecho para usar y obtener los objetos.{nl} - Huevo de Pájaro de Batalla Brillante x1{nl} - Alimento para Pájaro de Batalla x50	마우스 우클릭 시 사용되며 구성물을 획득할 수 있습니다.{nl} - 빛나는 전투 뱁새 알{nl} - 뱁새용 모이 50개				
INTL_20180316_000123	Paquete de Huevo de Pingüino Brillante	빛나는 펭귄 패키지				
INTL_20180316_000124	Haz clic derecho para usar y obtener los objetos.{nl} - Huevo de Pingüino Brillante x1{nl} - Sardina x50	마우스 우클릭 시 사용되며 구성물을 획득할 수 있습니다.{nl} - 빛나는 펭귄 알{nl} - 정어리 50개				
INTL_20180316_000125	Haz clic derecho para usar y obtener los objetos.{nl} - Brazalete del 2º Aniversario de Steam x1{nl} - Huevo de Pingüino de Hoja x1{nl} - Cupón de Mejora: 100,000 de Plata x10{nl}- Puntos de Atributo: 1,000 x1{nl}- Pergamino de Teletransporte de Evento - Iniciar Evento del 2º Aniversario x1{nl}- Poción de HP Altamente Condensada x20{nl}- Poción de SP Altamente Condensada x20{nl}- Poción de Apoyo de Asentamiento Nv2 x10{nl}- Petardo del 2º Aniversario x5{nl}- Estatua de la Diosa x5{nl}- Poción de Velocidad de Movimiento Altamente Condensada x5{nl}- Token: 15 Días [Evento]	마우스 우클릭 시 사용되며 구성물을 획득할 수 있습니다.{nl} - 스팀 2주년 암밴드{nl} - 펭그린 알{nl} - 강화 실버 할인 쿠폰 : 10만 실버 10개{nl}- 특성 포인트 1,000{nl}- 이벤트 워프 주문서 - 2주년 이벤트 시작{nl}- 고농축 HP포션 20개{nl}- 고농축 SP포션 20개{nl}- 정착 지원 포션 Lv2 10개{nl}- 2주년 폭죽 5개{nl}- 여신의 조각상 5개{nl}- 고농축 이동속도 증가 포션 5개{nl}- 토큰:15일[증정용]				
INTL_20180326_000126	Lista de Maestros Invitados	마스터 명단 리스트				
INTL_20180326_000127	Este documento enumera a todos los Maestros de Clase invitados a las celebraciones del 2º aniversario de TOS.{nl}(Se eliminará al final del evento.)	초대장을 가진 마스터들의 명단을 기록하고 있습니다.{nl}(사용 시 이벤트 진행 상황을 확인할 수 있습니다.)				
INTL_20180326_000128	Un Pergamino de Teletransporte de evento.{nl}Úsalo para moverte al NPC del Evento del 2º Aniversario.	이벤트용 워프 주문서입니다.{nl}사용 시 2주년 이벤트 도우미 npc 앞으로 이동합니다.	INTL_20180316_000112	Un Pergamino de Teletransporte de evento.{nl}Úsalo para moverte al NPC del Evento del 2º Aniversario.	이벤트용 워프 주문서입니다.{nl}사용 시 2주년 이벤트 시작 npc 앞으로 이동합니다.	
INTL_20180326_000129	Título - Reportero Honorario de TPP	칭호 - Honorary TPP Reporter				
INTL_20180326_000130	Un título otorgado a reporteros honorarios de The Popolion Post. Haz clic derecho para usar.	The Popolion Post 잡지의 명예 기자에게 지급되는 칭호입니다. 마우스 오른쪽 클릭으로 사용합니다.				
INTL_20180402_000131	Un lindo globo cachorro. Ten cuidado con las cosas puntiagudas cerca de él.	강아지 모양에 풍선 인형입니다. 찌르면 터질지도 모릅니다.				
INTL_20180402_000132	Registro de Estado de Daemon S/N [Verdadero:1, Falso:0]	Daemon State 기록 여부[True:1, False:0]				
INTL_20180406_000133	Título otorgado a jugadores que han recolectado las Revelaciones [Evento]. Haz clic derecho para usar.	[이벤트] 계시를 찾은 구원자에게 지급되는 칭호입니다. 마우스 오른쪽 클릭으로 사용합니다.				
INTL_20180406_000134	[Evento] Revelación de la Mina de Cristal	[이벤트]첫번째 계시				
INTL_20180406_000135	Una Revelación de evento.{nl}Se puede intercambiar por un título en el Tablón de Anuncios de Eventos.	계시 이벤트 아이템입니다.{nl}이벤트 알림판에서 칭호로 교환할 수 있습니다.				
INTL_20180406_000136	Título - Revelador de la Mina de Cristal	칭호 - [EVENT]Crystal Mine Revelation				
INTL_20180406_000137	Por favor recupera primero el título "Revelador de la Mina de Cristal".	칭호 - [이벤트]첫 번째 계시 획득자를 먼저 획득해 주세요.				이벤트 알림판
INTL_20180406_000138	Recibir Título	칭호 받기				
INTL_20180406_000139	Recibir Buff	버프 받기				
INTL_20180406_000140	La Primera Revelación: Mina de Cristal	첫 번째 세계관 이벤트 : 수정광산				
INTL_20180418_000141	Restaura 30 de Estamina.{nl}Bueno para:{nl} - Velheider{nl} - Hoglan{nl} - Pingüino de Hoja{nl} - Cerdito Bebé{nl} - Rocksodon{nl} - Armadillo{nl} - Cachorro Dorado{nl} - Goro	스태미나를 30 회복 시켜줍니다.{nl}사용가능 목록{nl} - 벨하이더 {nl} - 호글란 {nl} - 펭그린 {nl} - 아기돼지 {nl} - 락스돈 {nl} - 아르마딜로 {nl} - 금강불개 {nl} - 고로				
INTL_20180420_000142	Cubo de Héroe de Fedimian	페디미안 수호 큐브				
INTL_20180420_000143	Un cubo otorgado a los valientes héroes que salvaron a Fedimian de los monstruos.	페디미안을 수호한 구원자에게 주어지는 보상입니다.				
INTL_20180503_000144	[Evento de Encuesta]{nl}   Gestor de Premios	[설문 이벤트]{nl}   상품 교환원				
INTL_20180514_000145	Sendero Arcoíris	비비드 시티 참여 중				
INTL_20180514_000146	No puedes usar habilidades.{nl}Regresando al mapa de la ciudad en 60 minutos.	스킬을 사용할 수 없습니다.{nl}60분 뒤 마을로 이동합니다.				
INTL_20180514_000147	Caja de Puntos de Atributo Rango S (x3)	특성 포인트 상자 S급 (3개)				
INTL_20180514_000148	Una caja que contiene 3 Cajas de Puntos de Atributo Rango S. Haz clic derecho para obtener. 	특성 포인트 상자 S급 3개가 들어있는 상자입니다. 마우스 오른쪽 버튼 클릭으로 사용하면 아이템이 지급됩니다.				
INTL_20180514_000149	Caja de Yunque de Diamante de Artesano	장인의 다이아몬드 모루 상자				
INTL_20180514_000150	Una caja que contiene 5 Yunques de Diamante. Haz clic derecho para usar y obtener los objetos.	다이아몬드 모루 5개가 들어있는 상자입니다. 마우스 오른쪽 버튼 클릭으로 사용하면 아이템이 지급됩니다.				
INTL_20180514_000151	Caja de Receta Secreta de Arma de Artesano (Nv. 315)	장인의 무기 비밀 레시피 상자 (Lv. 315)				
INTL_20180514_000152	Selecciona una receta de Nv 315 que se pueda fabricar con menos materiales. Haz clic derecho para usar.	적은 재료로 315제 장비를 제작 가능한 비밀 레시피를 선택할 수 있습니다. 마우스 오른쪽 버튼 클릭으로 사용합니다.				
INTL_20180514_000153	Receta Secreta de Artesano - Abdochar	장인의 비밀 제작서-아브도챠				
INTL_20180514_000154	Receta Secreta de Artesano - Sarkmis	장인의 비밀 제작서-사크미스				
INTL_20180514_000155	Receta Secreta de Artesano - Skull Smasher	장인의 비밀 제작서-스컬 스매셔				
INTL_20180514_000156	Receta Secreta de Artesano - Regard Horn Staff	장인의 비밀 제작서-리가드 혼 스태프				
INTL_20180514_000157	Receta Secreta de Artesano - Heart of Glory	장인의 비밀 제작서-하트 오브 글로리				
INTL_20180514_000158	Receta Secreta de Artesano - Skull Breaker	장인의 비밀 제작서-스컬 브레이커				
INTL_20180514_000159	Receta Secreta de Artesano - Emengard Dagger	장인의 비밀 제작서-에멘가드 대거				
INTL_20180514_000160	Receta Secreta de Artesano - Wingshard Spear	장인의 비밀 제작서-윙샤드 스피어				
INTL_20180514_000161	Receta Secreta de Artesano - Regard Horn Pike	장인의 비밀 제작서-리가드 혼 파이크				
INTL_20180514_000162	Receta Secreta de Artesano - Black Horn	장인의 비밀 제작서-블랙 혼				
INTL_20180514_000163	Receta Secreta de Artesano - Regard Horn Crossbow	장인의 비밀 제작서-리가드 혼 크로스보우				
INTL_20180514_000164	Receta Secreta de Artesano - Astra Bow	장인의 비밀 제작서-아스트라 보우				
INTL_20180514_000165	Receta Secreta de Artesano - Aspana Revolver 	장인의 비밀 제작서-아스파나 리볼버				
INTL_20180514_000166	Receta Secreta de Artesano - Emengard Musket	장인의 비밀 제작서-에멘가드 머스킷				
INTL_20180514_000167	Receta Secreta de Artesano - Emengard Cannon	장인의 비밀 제작서-에멘가드 캐논				
INTL_20180514_000168	Receta Secreta de Artesano - Emengard Shield	장인의 비밀 제작서-에멘가드 실드				
INTL_20180523_000169	Otorga beneficios de Token a todos tus personajes en el servidor durante 60 días. Consulta el tiempo restante en Info del Personaje.{nl}[Beneficios del Token]{nl} - Puedes aprender atributos instantáneamente{nl} - Tarifa de comisión del Mercado reducida (30% {img white_right_arrow 16 16} 10%){nl} - Puedes listar hasta 10 objetos en el Mercado{nl} - Puedes registrar objetos en el Mercado fuera de los límites de precio mín./máx.{nl} - Puedes recuperar la plata del Mercado instantáneamente{nl}- Velocidad de movimiento +3{nl} - +50% de EXP al cazar monstruos{nl}(Se acumula con los efectos del Tomo de EXP){nl}- Ranuras de Almacén de Equipo +30{nl} - Puedes usar Gestos Premium{nl} - Puedes usar Comercio Personal hasta 60 veces	마우스 우클릭 시 사용되며 서버 내 모든 캐릭터에 사용 시점으로부터 60일간 혜택이 적용됩니다. 캐릭터 정보창에서 잔여 시간을 확인하실 수 있습니다.{nl}[토큰 효과]{nl} - 특성 즉시 수련 가능{nl} - 마켓 판매 수수료율 감소(30%{img white_right_arrow 16 16}10%){nl} - 마켓 판매 등록 아이템 개수 10개{nl} - 마켓 상/하한가 관계없이 물품 등록 가능{nl} - 마켓 판매금 즉시 수령{nl} - 캐릭터 이동속도 +3 증가{nl} - 몬스터 처치 시 경험치 +50% 증가{nl}(PC방 혜택, 경험의 서 효과와 중첩 가능){nl} - 팀 창고 +30칸 증가{nl} - 프리미엄 제스쳐 사용 가능{nl} - 개인 거래 60회 가능				
INTL_20180523_000170	Otorga beneficios de Token a todos tus personajes en el servidor durante 7 días. Consulta el tiempo restante en Info del Personaje.{nl}[Beneficios del Token]{nl} - Puedes aprender atributos instantáneamente{nl} - Tarifa de comisión del Mercado reducida (30% {img white_right_arrow 16 16} 10%){nl} - Puedes listar hasta 10 objetos en el Mercado{nl} - Puedes registrar objetos en el Mercado fuera de los límites de precio mín./máx.{nl} - Puedes recuperar la plata del Mercado instantáneamente{nl}- Velocidad de movimiento +3{nl} - +50% de EXP al cazar monstruos{nl}(Se acumula con los efectos del Tomo de EXP){nl}- Ranuras de Almacén de Equipo +30{nl} - Puedes usar Gestos Premium	마우스 우클릭 시 사용되며 서버 내 모든 캐릭터에 사용 시점으로부터 7일간 혜택이 적용됩니다. 캐릭터 정보창에서 잔여 시간을 확인하실 수 있습니다.{nl}[토큰 효과]{nl} - 특성 즉시 수련 가능{nl} - 마켓 판매 수수료율 감소(30%{img white_right_arrow 16 16}10%){nl} - 마켓 판매 등록 아이템 개수 10개{nl} - 마켓 상/하한가 관계없이 물품 등록 가능{nl} - 마켓 판매금 즉시 수령{nl} - 캐릭터 이동속도 +3 증가{nl} - 몬스터 처치 시 경험치 +50% 증가{nl}(PC방 혜택, 경험의 서 효과와 중첩 가능){nl} - 팀 창고 +30칸 증가{nl} - 프리미엄 제스쳐 사용 가능				
INTL_20180525_000171	Usar para obtener los siguientes trajes.{nl} - Traje del Invitado (Masculino){nl} - Traje del Invitado (Femenino)	사용 시 코스튬을 획득할 수 있습니다.{nl} - 초대에 응한 자 코스튬(남){nl} - 초대에 응한 코스튬(여)	INTL_20180326_000128	Un Pergamino de Teletransporte de evento.{nl}Úsalo para moverte al NPC del Evento del 2º Aniversario.	이벤트용 워프 주문서입니다.{nl}사용 시 2주년 이벤트 도우미 npc 앞으로 이동합니다.	
INTL_20180615_000172	Un título otorgado a los jugadores de TPP más creativos. Haz clic derecho para usar.	Creative TPP Player에게 지급되는 칭호입니다. 마우스 오른쪽 클릭으로 사용합니다.				
INTL_20180615_000173	Poseedor de Espíritu Maldito	저주받은 혼 사용자				
INTL_20180615_000174	Espíritu Maldito	저주받은 혼				
INTL_20180615_000175	Muéstraselo al Soldado Destacado para entrar al área del Altar Maldito.{nl}Alternativamente, úsalo para aumentar la velocidad de movimiento +2, el ataque físico +50 y el ataque mágico +50 durante 10 minutos.	저주받은 병사에게 보여주면 저주받은 지역으로 갈 수 있습니다.{nl}사용 시 10분 동안 이동속도 +2, 물리 공격력 +50, 마법 공격력 +50 증가합니다.				
INTL_20180615_000176	No puedes pasar de este punto sin un Espíritu Maldito.	저주받은 혼이 없는 자는 이 앞을 지나갈 수 없다.				저주받은 병사
INTL_20180615_000177	Los Espíritus Malditos provienen de los monstruos que merodean por este lugar. Buena suerte consiguiendo uno.	저주받은 해안의 몬스터를 처치해야만 저주받은 혼을 구할 수 있는 것도 모르는 애송이로군.				저주받은 병사
INTL_20180615_000178	Voz en la Distancia	어디선가 들려오는 목소리				
INTL_20180615_000179	La Ballena de Piedra solo puede despertarse a través de un Espíritu Maldito...	오직 저주받은 혼으로만 저주받은 석화 고래를 깨울 수 있지..				어디선가 들려오는 목소리
INTL_20180615_000180	Tengo un Espíritu Maldito.	저주받은 혼을 보여준다.				
INTL_20180615_000181	{Name} ha despertado a la Ballena de Piedra Maldita.	{Name}님이 저주받은 석화 고래를 깨웠습니다.				
INTL_20180723_000182	Título otorgado a los concursantes premiados del festival de fanart Verano 2018. Haz clic derecho para usar.	Loving Summer 팬아트 수상자에게 지급되는 칭호입니다. 마우스 오른쪽 클릭으로 사용합니다.				
INTL_20180809_000183	Un título otorgado a los participantes del evento. Haz clic derecho para usar.	이벤트 참여자에게 지급되는 칭호입니다. 마우스 오른쪽 클릭으로 사용합니다.				
INTL_20180809_000184	EXP +100%, velocidad de movimiento +3, aumento de HP máx.{nl}Recuperación de HP, SP y Estamina, tasa de ataque en área +2	경험치 100% 증가, 이동속도 +3, 최대체력 증가{nl}HP, SP, 스태미너 회복, 광역 공격 비율 +2				
INTL_20180809_000185	EXP +100%, velocidad de movimiento +3, Probabilidad de Botín +100{nl}Recuperación de HP, SP y Estamina	경험치 100% 증가, 이동속도 +3, 루팅찬스 +100{nl}HP, SP, 스태미너 회복				
INTL_20180809_000186	[Evento] Caja de Selección de Vale de Desbloqueo	[이벤트] 해금권 선택 상자				
INTL_20180809_000187	Caja de Vale de Desbloqueo de Clase Oculta {nl} Lista de Clases Desbloqueables {nl} - Vale de Desbloqueo de Shinobi {nl} - Vale de Desbloqueo de Miko {nl} - Vale de Desbloqueo de Rune Caster {nl} - Vale de Desbloqueo de Appraiser {nl} - Vale de Desbloqueo de Nak Muay{nl}Se eliminará automáticamente al final del período del evento.	히든 직업 해금권 선택 상자 {nl} 선택 가능 목록 {nl} - 시노비 해금권 {nl} - 무녀 해금권 {nl} - 룬 캐스터 해금권 {nl} - 감정사 해금권 {nl} - 낙무아이 해금권{nl}(이벤트 종료 시 일괄 삭제됩니다.)				
INTL_20180809_000188	[Evento] Caja de Selección de Arma Mejorada/Trascendida Nv 350	[이벤트] 350레벨 강화 및 초월 무기 선택 상자				
INTL_20180809_000189	Usar para seleccionar un arma Rara de Nv 350 mejorada a +11 y trascendida a la Etapa 5.{nl}La mejora y trascendencia se aplican después de seleccionar el arma.{nl}La caja se eliminará automáticamente al final del período del evento.	350레벨 레어 11강 5초월 무기를 지급 받을 수 있습니다.{nl}(강화 및 초월은 아이템 선택 시 적용됩니다.){nl}(이벤트 종료 시 일괄 삭제됩니다.)				
INTL_20180809_000190	Un título otorgado a los participantes del evento. Haz clic derecho para usar.	이벤트에 참여자에게 지급되는 칭호입니다. 마우스 오른쪽 클릭으로 사용합니다.				
INTL_20180809_000191	[Amigo] Espada Berthas Raffye 	[우정] 베르타스 라파이 소드				
INTL_20180809_000192	[Amigo] Espada a Dos Manos Berthas Raffye	[우정] 베르타스 라파이 투 핸드 소드				
INTL_20180809_000193	[Amigo] Vara Berthas Raffye	[우정] 베르타스 라파이 로드				
INTL_20180809_000194	[Amigo] Arco Berthas Raffye	[우정] 베르타스 라파이 보우				
INTL_20180809_000195	[Amigo] Ballesta Berthas Raffye	[우정] 베르타스 라파이 크로스보우				
INTL_20180809_000196	[Amigo] Maza Berthas Raffye	[우정] 베르타스 라파이 메이스				
INTL_20180809_000197	[Amigo] Maza a Dos Manos Berthas Raffye	[우정] 베르타스 라파이 투 핸드 메이스				
INTL_20180809_000198	[Amigo] Escudo Berthas Raffye 	[우정] 베르타스 라파이 실드				
INTL_20180809_000199	[Amigo] Lanza Berthas Raffye 	[우정] 베르타스 라파이 스피어				
INTL_20180809_000200	[Amigo] Pica Berthas Raffye 	[우정] 베르타스 라파이 파이크				
INTL_20180809_000201	[Amigo] Daga Berthas Raffye	[우정] 베르타스 라파이 대거				
INTL_20180809_000202	[Amigo] Bastón Berthas Raffye	[우정] 베르타스 라파이 스태프				
INTL_20180809_000203	[Amigo] Pistola Berthas Raffye	[우정] 베르타스 라파이 피스톨				
INTL_20180809_000204	[Amigo] Estoque Berthas Raffye	[우정] 베르타스 라파이 레이피어				
INTL_20180809_000205	[Amigo] Cañón Berthas Raffye	[우정] 베르타스 라파이 캐논				
INTL_20180809_000206	[Amigo] Mosquete Berthas Raffye 	[우정] 베르타스 라파이 머스킷				
INTL_20180809_000207	[Evento] Vale de Desbloqueo de Miko	[이벤트] 무녀 클래스 해금권				
INTL_20180809_000208	Usar para desbloquear la clase Miko después de alcanzar el Rango 6. Haz clic derecho para usar.{nl}Se eliminará automáticamente al final del período del evento.	사용 시 6랭크 달성 후 무녀 클래스를 선택할 수 있습니다. 마우스 오른쪽 클릭으로 사용합니다.{nl}(이벤트 종료 시 일괄 삭제됩니다.)				
INTL_20180809_000209	[Evento] Vale de Desbloqueo de Appraiser	[이벤트] 감정사 클래스 해금권				
INTL_20180809_000210	Usar para desbloquear la clase Appraiser después de alcanzar el Rango 5. Haz clic derecho para usar.{nl}Se eliminará automáticamente al final del período del evento.	사용 시 5랭크 달성 후 감정사 클래스를 선택할 수 있습니다. 마우스 오른쪽 클릭으로 사용합니다.{nl}(이벤트 종료 시 일괄 삭제됩니다.)				
INTL_20180809_000211	[Evento] Vale de Desbloqueo de Rune Caster	[이벤트] 룬캐스터 클래스 해금권				
INTL_20180809_000212	Usar para desbloquear la clase Rune Caster después de alcanzar el Rango 6. Haz clic derecho para usar.{nl}Se eliminará automáticamente al final del período del evento.	사용 시 6랭크 달성 후 룬캐스터 클래스를 선택할 수 있습니다. 마우스 오른쪽 클릭으로 사용합니다.{nl}(이벤트 종료 시 일괄 삭제됩니다.)				
INTL_20180809_000213	[Evento] Vale de Desbloqueo de Shinobi	[이벤트] 시노비 클래스 해금권				
INTL_20180809_000214	Usar para desbloquear la clase Shinobi después de alcanzar el Rango 7. Haz clic derecho para usar.{nl}Se eliminará automáticamente al final del período del evento.	사용 시 7랭크 달성 후 시노비 클래스를 선택할 수 있습니다. 마우스 오른쪽 클릭으로 사용합니다.{nl}(이벤트 종료 시 일괄 삭제됩니다.)				
INTL_20180809_000215	[Evento] Vale de Desbloqueo de Nak Muay	[이벤트] 낙무아이 클래스 해금권				
INTL_20180809_000216	Usar para desbloquear la clase Nak Muay después de alcanzar el Rango 7. Haz clic derecho para usar.{nl}Se eliminará automáticamente al final del período del evento.	사용 시 7랭크 달성 후 낙무아이 클래스를 선택할 수 있습니다. 마우스 오른쪽 클릭으로 사용합니다.{nl}(이벤트 종료 시 일괄 삭제됩니다.)				
INTL_20180809_000217	Cofre del Tesoro de Leticia 2018 (Temporada 1)	2018 레티샤의 보물 상자(시즌1)				
INTL_20180809_000218	Ayudante del Evento Invita a un Amigo	친구 추천 이벤트 도우미				
INTL_20180809_000219	¡El evento Invita a un Amigo ya está disponible!{nl}¡Inicia sesión con tu amigo para recibir buffs y recompensas!	친구 추천 이벤트가 진행 중입니다.{nl}친구와 함께 접속 시 다양한 보상과 버프를 획득할 수 있습니다.				친구 추천 이벤트 도우미
INTL_20180809_000220	No eres elegible para el evento.	이벤트 참여 대상이 아닙니다.				
INTL_20180809_000221	El equipo {#003399}{team}{/} no contiene personajes de nivel 50 o superior.	{#003399}{team}{/}팀 내에 50레벨 이상인 캐릭터가 없습니다.				
INTL_20180809_000222	Recibir el Apoyo de {#003399}{team}{/}	{#003399}{team}{/}의 성장 지원 받기				
INTL_20180809_000223	{#003399}{team}{/} ahora está en línea.{nl}Buff aplicado.	{#003399}{team}{/}님이 접속 중입니다.{nl}버프가 부여됩니다.				
INTL_20180809_000224	Ayudante de Invita a un Amigo	친구 추천 도우미				
INTL_20180817_000225	[Evento] Caja de Selección de Arma Mejorada/Trascendida (14 Días)	[이벤트] 강화 및 초월 무기 선택 상자 (14일)				
INTL_20180817_000226	Usar a nivel 230 o superior para seleccionar un arma Rara de Nv 315 (30 Días) mejorada a +10 y trascendida a la Etapa 3.{nl}(La mejora y trascendencia se aplican después de seleccionar el objeto.)	230레벨에 사용할 수 있는 315레벨 레어 10강 3초월 무기(30일)을 지급 받을 수 있습니다.{nl}(강화 및 초월은 아이템 선택 시 적용됩니다.)				
INTL_20180817_000227	[Retorno] Abdochar (30 Días)	[복귀] 아브도챠 (30일)				
INTL_20180817_000228	[Retorno] Sarkmis (30 Días)	[복귀] 사크미스 (30일)				
INTL_20180817_000229	[Retorno] Skull Smasher (30 Días)	[복귀] 스컬 스매셔 (30일)				
INTL_20180817_000230	[Retorno] Regard Horn Staff (30 Días)	[복귀] 리가드 혼 스태프 (30일)				
INTL_20180817_000231	[Retorno] Heart of Glory (30 Días)	[복귀] 하트 오브 글로리 (30일)				
INTL_20180817_000232	[Retorno] Skull Breaker (30 Días)	[복귀] 스컬 브레이커 (30일)				
INTL_20180817_000233	[Retorno] Emengard Dagger (30 Días)	[복귀] 에멘가드 대거 (30일)				
INTL_20180817_000234	[Retorno] Wingshard Spear (30 Días)	[복귀] 윙샤드 스피어 (30일)				
INTL_20180817_000235	[Retorno] Regard Horn Pike (30 Días)	[복귀] 리가드 혼 파이크 (30일)				
INTL_20180817_000236	[Retorno] Black Horn (30 Días)	[복귀] 블랙 혼 (30일)				
INTL_20180817_000237	[Retorno] Regard Horn Crossbow (30 Días)	[복귀] 리가드 혼 크로스보우 (30일)				
INTL_20180817_000238	[Retorno] Astra Bow (30 Días)	[복귀] 아스트라 보우 (30일)				
INTL_20180817_000239	[Retorno] Aspana Revolver (30 Días)	[복귀] 아스파나 리볼버 (30일)				
INTL_20180817_000240	[Retorno] Emengard Cannon (30 Días)	[복귀] 에멘가드 캐논 (30일)				
INTL_20180817_000241	[Retorno] Emengard Musket (30 Días)	[복귀] 에멘가드 머스킷 (30일)				
INTL_20180817_000242	[Retorno] Emengard Shield (30 Días)	[복귀] 에멘가드 실드 (30일)				
INTL_20180827_000243	Un título otorgado a los Creadores de Guías de Juego. Haz clic derecho para usar.	Game Guide Creator에게 지급되는 칭호입니다. 마우스 오른쪽 클릭으로 사용합니다.				
INTL_20180903_000244	{ds}{b}{#ffefd6}30 min: {#fe7e00}10 PUNTOS	{ds}{b}{#ffefd6}30분:{#fe7e00}10 POINT				
INTL_20180903_000245	Por favor intenta de nuevo.	Popo Shop의 재시도 버튼을 클릭해주세요				
INTL_20180903_000246	Error al comprar el objeto. Por favor intenta de nuevo.	Popo Shop 아이템 구매에 실패했습니다. 다시 시도해 주세요.				
INTL_20180903_000247	No hay suficientes Puntos Popo.	Popo Shop 포인트가 부족합니다.				
INTL_20180907_000248	Usar función de guardado/carga de mensajes del sistema de Mongo DB S/N	몽고 db에 특정 시스템 메시지 저장/로드 기능 사용할 것인지				
INTL_20180914_000249	Vale de Tienda de Apoyo de Combate (14 Días)	전투 지원 상점 이용권(14일)				
INTL_20180914_000250	Abre una tienda donde puedes comprar pociones, consumibles de habilidad y otros objetos útiles.	사용 시 전투에 필요한 물건을 구매할 수 있는 상점을 이용할 수 있습니다.				
INTL_20180914_000251	Vale de Tienda de Apoyo de Combate	전투 지원 상점 이용권				
INTL_20180914_000252	Cofre del Tesoro de Leticia 2018 (Temporada 2)	2018 레티샤의 보물 상자(시즌2)				
INTL_20180928_000253	Un título otorgado a los ganadores del concurso de fanart de Halloween 2018. Haz clic derecho para usar.	Horror Night 팬아트 수상자에게 지급되는 칭호입니다. 마우스 오른쪽 클릭으로 사용합니다.				
INTL_20181026_000254	¿Seleccionarías una recompensa de participación de 10 veces?	받으실 10회 참여 횟수 보상을 선택해 주시겠어요?				큐폴 다이나
INTL_20181026_000255	Poción de Reinicio de Habilidades (14 Días) y Arte Latte: Conejito	스킬 초기화 포션 (14일), 거품 토끼				
INTL_20181026_000256	Poción de Reinicio de Habilidades (14 Días) y Arte Latte: Gatito	스킬 초기화 포션 (14일), 거품 고양이				
INTL_20181104_000257	Cofre del Tesoro de Leticia 2018 (Temporada 3)	2018 레티샤의 보물 상자(시즌3)				
INTL_20181111_000258	Talt Único	유니크 탈트				
INTL_20181111_000259	Se puede intercambiar por un objeto de equipo en el Dispositivo de Procesamiento de Talt.	탈트 가공 장치에서 장비 아이템으로 교환할 수 있습니다.				
INTL_20181111_000260	Caja de Arma a Dos Manos Única Sin Identificar	유니크 미감정 양손 무기 선택 상자				
INTL_20181111_000261	Selecciona y obtén un objeto de equipo Nv. 380 sin identificar.{nl}El objeto no tendrá límite de tiempo ni restricciones de comercio.	380레벨 유니크 미감정 장비 아이템을 획득할 수 있습니다.{nl}획득한 장비 아이템은 무제한이며 모든 거래가 가능합니다.				
INTL_20181111_000262	Caja de Arma a Una Mano Única Sin Identificar	유니크 미감정 한손 무기 선택 상자				
INTL_20181111_000263	Caja de Armadura Superior Única Sin Identificar	유니크 미감정 상의 선택 상자				
INTL_20181111_000264	Caja de Armadura Inferior Única Sin Identificar	유니크 미감정 하의 선택 상자				
INTL_20181111_000265	Caja de Guantes Únicos Sin Identificar	유니크 미감정 장갑 선택 상자				
INTL_20181111_000266	Caja de Botas Únicas Sin Identificar	유니크 미감정 신발 선택 상자				
INTL_20181111_000267	Función que compila datos de rastreo cuando el FPS del ZoneServer cae por debajo de 2 fotogramas	ZoneServer의 FPS가 2프레임 이하일때 트레이싱 정보를 수집하는 기능				
INTL_20181116_000268	Un título otorgado a los ganadores del evento de diseño de armas de TOS. Haz clic derecho para usar.	TOS Weapon Designer 수상자에게 지급되는 칭호입니다. 마우스 오른쪽 클릭으로 사용합니다.				
INTL_20181116_000269	Dispositivo de Procesamiento de Talt	탈트 가공 장치				
INTL_20181211_000270	Usar para recibir un objeto de armadura Primus Nv 380 aleatorio.	사용 시 380레벨 프리머스 방어구 아이템 중 한가지 아이템이 랜덤으로 지급됩니다.				
INTL_20181211_000271	Usar para recibir un objeto de arma/subarma Primus Nv 380 aleatorio.	사용 시 380레벨 프리머스 무기/보조무기 아이템 중 한가지 아이템이 랜덤으로 지급됩니다.				
INTL_20181229_000272	Cofre del Tesoro de Leticia 2018 (Temporada 4)	2018 레티샤의 보물 상자(시즌4)				
INTL_20190102_000273	{@st66b}Colección	{@st66b}컬렉션				
INTL_20190104_000274	Título otorgado a los ganadores del evento de fanart de Año Nuevo. Haz clic derecho para usar.	New Year Artist 수상자에게 지급되는 칭호입니다. 마우스 오른쪽 클릭으로 사용합니다.				
INTL_20190112_000275	Este objeto solo se puede usar para cambiar la apariencia de otro.{nl}No consume Plata cuando se usa como material de apariencia.{nl}Se puede intercambiar por Medallas en la Tienda de Intercambio.{nl}(Este traje fue diseñado por Lunmairetic de [SA] Silute.)	외형 변경 전용 아이템입니다.{nl}해당 아이템으로 외형 변경 시 소재와 실버를 소모하지 않습니다.{nl}리사이클샵에서 메달로 교환할 수 있습니다.{nl}(This costume is designed by Lunmairetic from Silute Server.)				
INTL_20190216_000276	Vale de 100 Puntos de la Tienda PP	포포샵 100 포인트 구매권				
INTL_20190216_000277	Usar para obtener 100 Puntos Popo.{nl} - Solo se usa durante los períodos del evento Tienda de Puntos Popo.	사용 시 포포샵 100 포인트가 추가됩니다.{nl} - 최대 포인트가 초과될 경우 사용할 수 없습니다.{nl} - 포포샵 이벤트 기간중에만 사용할 수 있습니다.				
INTL_20190216_000278	Vale de 500 Puntos de la Tienda PP	포포샵 500 포인트 구매권				
INTL_20190216_000279	Usar para obtener 500 Puntos Popo.{nl} - Solo se usa durante los períodos del evento Tienda de Puntos Popo.	사용 시 포포샵 500 포인트가 추가됩니다.{nl} - 최대 포인트가 초과될 경우 사용할 수 없습니다.{nl} - 포포샵 이벤트 기간중에만 사용할 수 있습니다.				
INTL_20190216_000280	Vale de 1,000 Puntos de la Tienda PP	포포샵 1000 포인트 구매권				
INTL_20190216_000281	Usar para obtener 1,000 Puntos Popo.{nl} - Solo se usa durante los períodos del evento Tienda de Puntos Popo.	사용 시 포포샵 1000 포인트가 추가됩니다.{nl} - 최대 포인트가 초과될 경우 사용할 수 없습니다.{nl} - 포포샵 이벤트 기간중에만 사용할 수 있습니다.				
INTL_20190216_000282	Poción de HP (1 Día)	HP 포션 (1일)				
INTL_20190216_000283	Restaura instantáneamente el 40% del HP máx. {nl}Adicionalmente restaura otro 40% de HP cada 2 segundos durante 11 segundos. {nl}Haz clic derecho para usar. Reutilización de 20 segundos.	HP를 40% 즉시 회복시키고 2초 간격으로 11초 동안 HP를 40% 회복 시켜줍니다. 마우스 오른쪽 클릭으로 사용합니다. 재사용 대기시간 20초.				
INTL_20190216_000284	Poción de HP (7 Días)	HP 포션 (7일)				
INTL_20190216_000285	Restaura instantáneamente el 40% del SP máx. {nl}Adicionalmente restaura otro 40% de SP cada 2 segundos durante 11 segundos. {nl}Haz clic derecho para usar. Reutilización de 20 segundos.	SP를 40% 즉시 회복시키고 2초 간격으로 11초 동안 SP를 40% 회복 시켜줍니다. 마우스 오른쪽 클릭으로 사용합니다. 재사용 대기시간 20초.				
INTL_20190216_000286	Poción de SP (1 Día)	SP 포션 (1일)				
INTL_20190216_000287	Poción de SP (7 Días)	SP 포션 (7일)				
INTL_20190216_000288	Receta - Poción de HP de 1 Día	제작서 - HP 포션 (1일)				
INTL_20190216_000289	Receta - Poción de HP de 7 Días	제작서 - HP 포션 (7일)				
INTL_20190216_000290	Receta - Poción de SP de 1 Día	제작서 - SP 포션 (1일)				
INTL_20190216_000291	Receta - Poción de SP de 7 Días	제작서 - SP 포션 (7일)				
INTL_20190219_000292	Una receta que te permite fabricar un objeto.	아이템을 제작할 수 있는 제작서입니다.				
INTL_20190219_000293	Solo se puede usar durante los eventos de la Tienda de Puntos Popo.	포포샵 이벤트 기간에만 사용 가능합니다.				
INTL_20190219_000294	No puedes exceder {MAX} puntos.	{MAX}포인트를 초과할 수 없습니다.				
INTL_20190228_000295	Petardo del Festival	축제 폭죽				
INTL_20190228_000296	Fuegos Artificiales para Todos	모두의 불꽃 축제				
INTL_20190228_000297	Puedes intercambiar Petardos del Festival por objetos útiles en el Tablón de Anuncios de Eventos.{nl}(Usar un Petardo aplica velocidad de movimiento +2, ataque físico +50 y ataque mágico +50 durante 10 minutos.)	축제 폭죽을 모아 이벤트 알림판으로부터 다양한 아이템으로 교환할 수 있습니다.{nl}(사용 시 10분 동안 이동속도 +2, 물리 공격력 +50, 마법 공격력 +50 증가합니다.)				
INTL_20190228_000298	Caja de Selección de Traje del Festival	축제 의상 코스튬 선택 상자				
INTL_20190228_000299	Contiene un Traje del Festival de tu elección (Masculino/Femenino).	폭죽 축제 이벤트에 참여할 수 있는 축제 의상 코스튬이 담긴 상자입니다.				
INTL_20190228_000300	Traje de Festival Masculino (30 Días)	남성용 축제 의상 코스튬(30일)				
INTL_20190228_000301	Un atuendo elegante para usar en un festival. Usar para cambiar tu apariencia.	축제에 입고가기 무난한 정장입니다. 착용하면 외형이 변경 됩니다.				
INTL_20190228_000302	Traje de Festival Femenino (30 Días)	여성용 축제 의상 코스튬(30일)				
INTL_20190228_000303	Un atuendo elegante para usar en un festival. Usar para cambiar tu apariencia.	축제에서 입기 무난한 드레스입니다. 착용하면 외형이 변경 됩니다.				
INTL_20190228_000304	Usa tu Traje del Festival durante el período del evento y derrota monstruos para recolectar Petardos del Festival.{nl}Luego, tráeme los Petardos y cámbialos por otros objetos.{nl}También puedes usar los Petardos cerca de mí para obtener el buff Fuegos Artificiales para Todos.	이벤트 기간 동안 축제 의상을 입고 몬스터를 처치하면 축제 폭죽을 획득할 수 있습니다.{nl}축제 폭죽을 저에게 가져오시면 다양한 아이템으로도 교환할 수 있습니다.{nl}(제 주변에서 축제 폭죽을 사용하면 "모두의 불꽃 축제" 버프를 추가로 획득할 수 있습니다.)				Ninot
INTL_20190228_000305	Aplicando el buff Fuegos Artificiales para Todos en {SEC} segundo(s).	{SEC}초 후 "모두의 불꽃 축제" 버프가 발동 됩니다.				
INTL_20190228_000306	¡Fuegos Artificiales para Todos ya está activo!	"모두의 불꽃 축제" 버프가 발동합니다!				
INTL_20190228_000307	Usa tu Traje del Festival y usa un Petardo del Festival para aplicar también el buff Fuegos Artificiales para Todos.	축제 의상을 입고 축제 폭죽을 사용하면{nl}"모두의 불꽃 축제"{nl}버프를 추가로 획득할 수 있습니다.				
INTL_20190305_000308	¡Recibe objetos especiales y buffs durante el período del evento!{nl}Recompensas de asistencia: 13-17 de marzo de 2019{nl}Buff de 24 horas de fin de semana: 16-17 y 23-24 de marzo de 2019	이벤트 기간동안 특별한 아이템과 버프를 획득할 수 있습니다.{nl}특별 접속 보상: 3월13일 ~ 3월17일{nl}주말 핫타임 24시간 버프: 3월16일 ~ 3월 17일, 3월23일 ~ 3월 24일				특별 접속 보상 이벤트 도우미
INTL_20190309_000309	Cubo de Bola de Nieve	3월 특판 큐브				
INTL_20190309_000310	Cubo de Bola de Nieve x10+1	3월 특판 큐브 x10+1				
INTL_20190316_000311	Recibir Chocolates	달콤한 초콜릿 받기				
INTL_20190316_000312	El evento no está disponible en este momento.	이벤트 기간이 아닙니다.				
INTL_20190322_000313	Un título otorgado a los ganadores del evento de creadores de contenido. Haz clic derecho para usar.	Content Creator 수상자에게 지급되는 칭호입니다. 마우스 오른쪽 클릭으로 사용합니다.				
INTL_20190322_000314	Un título otorgado a los ganadores del evento de aniversario de TOS. Haz clic derecho para usar.	Happy Anniversary 수상자에게 지급되는 칭호입니다. 마우스 오른쪽 클릭으로 사용합니다.				
INTL_20190405_000315	Pétalo de Flor	꽃잎				
INTL_20190405_000316	Cosas buenas suceden cuando recolectas Pétalos de Flor.	꽃잎을 모으면 좋은 일이 생길 것 같습니다.				
INTL_20190405_000317	Cubo del Camino de Flores	꽃길 큐브				
INTL_20190405_000318	Caja de Selección de Hada de Adorno de Volantes	프릴 장식 페어리 코스튬 선택 상자				
INTL_20190405_000319	Una caja que contiene un Traje de Hada de Adorno de Volantes de tu elección (Masculino o Femenino). Haz clic derecho para usar.	프릴 장식 페어리 코스튬이 들어있는 상자입니다. 마우스 오른쪽 버튼 클릭으로 사용합니다.				
INTL_20190405_000320	Necesitas 5x Pétalo de Flor.	꽃잎은 5개가 필요합니다.				이벤트 알림판
INTL_20190405_000321	Puedes recibir una Horquilla de Flor de Cerezo por tus primeros cinco Pétalos de Flor. Por tus siguientes cinco Pétalos de Flor, puedes recibir una Horquilla de Dulce Tricolor.	이벤트 기간동안 최초 꽃잎 5개는 삼색 경단 머리핀, 이후 꽃잎 5개는 벚꽃 머리핀으로 교환할 수 있습니다.				이벤트 알림판
INTL_20190405_000322	Evento del Camino de Flores	꽃길 이벤트				
INTL_20190419_000323	Verificar Uso de Speedhack	스피드핵 체크 사용 여부				
INTL_20190501_000324	Un título otorgado a los ganadores del Evento de Maestro Guía. Haz clic derecho para usar.	Guide Master 수상자에게 지급되는 칭호입니다. 마우스 오른쪽 클릭으로 사용합니다.				
INTL_20190611_000325	Cubo Misterioso (Masculino)	Mystery Cube(남자)				
INTL_20190611_000326	Cubo Misterioso (Femenino)	Mystery Cube(여자)				
INTL_20190611_000327	Cubo Misterioso (Masculino) x10+1	Mystery Cube(남자) x10+1				
INTL_20190611_000328	Cubo Misterioso (Femenino) x10+1	Mystery Cube(여자) x10+1				
INTL_20190628_000329	Vale de Cambio de Clase Nv. 4 (1 Día){nl}Poción de Reinicio de Estadísticas (1 Día){nl}Puedes recibir 3 de cada uno todos los días durante el período del evento.	클래스 변경권 Lv.4 (1일){nl}스탯 초기화 포션 (1일){nl}이벤트 기간 동안 매일 3개씩 지원해드리고 있습니다.	QUEST_20181207_010528	Vale de Reinicio de Rango (1 Día){nl}Poción de Reinicio de Estadísticas (1 Día){nl}Puedes recibir 3 de cada uno todos los días durante el período del evento.	랭크 초기화권 (1일){nl}스탯 초기화 포션 (1일){nl}이벤트 기간 동안 매일 3개씩 지원해드리고 있습니다.	초기화 지원 도우미
INTL_20190715_000330	Título - Mi Amigo Chupacabra	Title - 내친구 츄파카브라				
INTL_20190715_000331	Título otorgado a los participantes del evento Mi Amigo Chupacabra. Haz clic derecho para usar.	사막 츄파카브라 성장 시 지급되는 칭호입니다. 마우스 오른쪽 클릭으로 사용합니다.				
INTL_20190715_000332	Obtén objetos especiales durante el período del evento.{nl}Consulta el banner del evento para más detalles.	이벤트 기간동안 특별한 아이템을 획득할 수 있습니다.{nl}이벤트 배너를 참고해주세요.	INTL_20190305_000308	¡Recibe objetos especiales y buffs durante el período del evento!{nl}Recompensas de asistencia: 13-17 de marzo de 2019{nl}Buff de 24 horas de fin de semana: 16-17 y 23-24 de marzo de 2019	이벤트 기간동안 특별한 아이템과 버프를 획득할 수 있습니다.{nl}특별 접속 보상: 3월13일 ~ 3월17일{nl}주말 핫타임 24시간 버프: 3월16일 ~ 3월 17일, 3월23일 ~ 3월 24일	특별 접속 보상 이벤트 도우미
INTL_20190723_000333	Un tipo especial de cebo usado para pescar. Usarlo como cebo para pescar te da la posibilidad de capturar [Evento] Cofre del Tesoro Oculto, Pez Plateado y Pequeño Pez Plateado.	낚시에 사용하는 특별한 미끼입니다. 미끼로 사용할 경우 [이벤트]연못에 숨겨진 보물 상자, 은빛 물고기, 작은 은빛 물고기를 각기 다른 확률로 획득 할 수 있습니다.				
INTL_20190820_000334	[Fin de Semana Ardiente] EXP	[주말 버닝] 경험치 증가				
INTL_20190820_000335	EXP +100%	경험치 증가 + 100%				
INTL_20190820_000336	[Fin de Semana Ardiente] Velocidad de Movimiento	[주말 버닝] 이동 속도 증가				
INTL_20190820_000337	Un objeto material solicitado por el Herrero de Fedimian, Teliavelis, usado para producir equipo especial.{nl}Se puede obtener completando el Nido de Velcoffer, la Tumba de la Leyenda del Cuervo Blanco e Incursiones Únicas, la Etapa 5 del Modo Desafío, misiones Saalus, y mazmorras de nivel.{nl}Se eliminará al final del período del evento.	페디미안의 대장장이 테리아베리스가 요청한 특별한 장비를 만들기 위한 특별한 재료입니다.{nl}벨코퍼의 둥지, 흰 까마귀의 영면지: 레전드, 흰 까마귀의 영면지: 유니크, 챌린지 5단계, 수녀원 미션, 레벨 던전 클리어 시 획득할 수 있습니다.{nl}4월 11일 점검 시, 일괄 삭제 됩니다				
INTL_20190820_000338	¡El evento de Verano 2019 está en marcha!{nl}{#003399}Actualmente estamos intercambiando [Evento]Monedas Vasalos{/} y apoyando membresías de Gremio.	2019년 여름을 기념하는 이벤트가 진행 중입니다.{nl}{#003399}[이벤트] 바살로스 주화{/}  교환과 길드 활동 보상을 지원해드립니다.				이벤트 도우미
INTL_20190820_000339	Intercambio de Recompensas {#003399}[Festival de Verano] Vacaciones de Verano en Klaipeda{/}	2. {#003399}[Summer Festa] 클라페다에서 여름 나기 이벤트{/}의 보상 교환				이벤트 도우미
INTL_20190820_000340	 Completar: 5{nl}- Incursiones Únicas 	 클리어 : 5개{nl}- 유니크 레이드 				대장장이 테리아베리스
INTL_20190820_000341	 Completar: 5{nl}- Etapa 5 del Modo Desafío: 2{nl}- Misión Saalus: 1{nl}- Mazmorra de Nivel: 1	 클리어 : 5개{nl}- 챌린지 5단계 이상 클리어 : 2개{nl}- 수녀원 미션 클리어 : 1개{nl}- 레벨던전 클리어 : 1개				대장장이 테리아베리스
INTL_20190820_000342	N/D	8/15일 하루동안 라떼 캣 헤어 악세사리를 1회 획득할 수 있습니다.				내 마음도 받아줄래 이벤트 도우미
INTL_20190820_000343	N/D	추가로 이벤트 기간 아래의 보상을 받을 수 있습니다.{nl}8/14일:화이트 데이 목걸이 (물리/14일) 1개{nl}8/15일:화이트 데이 목걸이 (마법/14일) 1개{nl}8/16일:화이트 데이 팔찌 (마법/14일) 2개{nl}8/17일:화이트 데이 팔찌 (물리/14일) 2개{nl}8/18일:화이트 데이 목걸이 (물리/14일) 1개{nl}8/19일:화이트 데이 팔찌 (물리/14일) 2개				내 마음도 받아줄래 이벤트 도우미
INTL_20190828_000344	Este objeto solo se puede usar para cambiar la apariencia de otro.{nl}No consume Plata cuando se usa como material de apariencia.{nl}Se puede intercambiar por Medallas en la Tienda de Intercambio.{nl}(Este traje fue diseñado por Shiseptiana de [SEA] Telsiai.)	외형 변경 전용 아이템입니다.{nl}해당 아이템으로 외형 변경 시 소재와 실버를 소모하지 않습니다.{nl}리사이클샵에서 메달로 교환할 수 있습니다.{nl}(This costume is designed by Shiseptiana from [SEA] Telsiai.)				
INTL_20190903_000345	Agrega una ranura de personaje a tu Refugio.	사용시 캐릭터 슬롯이 추가됩니다.				
INTL_20191024_000346	Un título otorgado a los ganadores del evento de Saludos de Deseos de Feliz Año Nuevo 2018.	2018 Happy New Year Wishes Greetings 수상자에게 지급되는 칭호입니다.				
INTL_20191024_000347	Un título otorgado a jugadores que han recolectado las Revelaciones [Evento].	[이벤트] 계시를 찾은 구원자에게 지급되는 칭호입니다.				
INTL_20191024_000348	Un título otorgado a los ganadores del evento de Fan Art de Steam.	스팀 팬아트 수상자에게 지급되는 칭호입니다.				
INTL_20191024_000349	Un título otorgado a los jugadores de TPP más creativos.	Creative TPP Player에게 지급되는 칭호입니다.				
INTL_20191024_000350	Un título otorgado a los ganadores del evento de Fan Art de Verano Amoroso.	Loving Summer 팬아트 수상자에게 지급되는 칭호입니다.				
INTL_20191024_000351	Un título otorgado a los participantes del evento.	이벤트 참여자에게 지급되는 칭호입니다.				
INTL_20191024_000352	Un título otorgado a los Creadores de Guías de Juego.	Game Guide Creator에게 지급되는 칭호입니다.				
INTL_20191024_000353	Un título otorgado a los ganadores del evento de Fan Art de Halloween.	Horror Night 팬아트 수상자에게 지급되는 칭호입니다.				
INTL_20191024_000354	Un título otorgado a los ganadores del evento de Diseño de Armas de TOS.	TOS Weapon Designer 수상자에게 지급되는 칭호입니다.				
INTL_20191024_000355	Un título otorgado a los ganadores del evento de Artista de Año Nuevo.	New Year Artist 수상자에게 지급되는 칭호입니다.				
INTL_20191024_000356	Un título otorgado a los ganadores del evento de Creador de Contenido.	Content Creator 수상자에게 지급되는 칭호입니다.				
INTL_20191024_000357	Un título otorgado a los ganadores del evento de Feliz Aniversario.	Happy Anniversary 수상자에게 지급되는 칭호입니다.				
INTL_20191024_000358	Un título otorgado a los ganadores del evento de Maestro Guía.	Guide Master 수상자에게 지급되는 칭호입니다.				
INTL_20191024_000359	[Efecto de Equipo del Grimorio] Invoca al Señor Demonio Marnox al usar Invocación{nl}[No se puede comerciar]	[그리모어 장착 효과] 서모닝 사용 시 마군주 마르녹스 형태의 악마 소환{nl}[거래 불가]				
INTL_20191024_000360	[Efecto de Equipo del Grimorio] Invoca al Señor Demonio Blut al usar Invocación{nl}[No se puede comerciar]	[그리모어 장착 효과] 서모닝 사용 시 마군주 블룻 형태의 악마 소환{nl}[거래 불가]				
INTL_20191024_000361	[Efecto de Equipo del Grimorio] Invoca al Señor Demonio Zaura al usar Invocación{nl}[No se puede comerciar]	[그리모어 장착 효과] 서모닝 사용 시 마군주 자우라 형태의 악마 소환{nl}[거래 불가]				
INTL_20191024_000362	[Efecto de Equipo del Grimorio] Invoca al Señor Demonio Nuaele al usar Invocación{nl}[No se puede comerciar]	[그리모어 장착 효과] 서모닝 사용 시 마군주 누아엘레 형태의 악마 소환{nl}[거래 불가]				
INTL_20191024_000363	[Efecto de Equipo del Grimorio] Invoca al Señor Demonio Helgasercle al usar Invocación{nl}[No se puede comerciar]	[그리모어 장착 효과] 서모닝 사용 시 마군주 헬가 세르클 형태의 악마 소환{nl}[거래 불가]				
INTL_20191024_000364	[Efecto de Equipo del Grimorio] Invoca al Señor Demonio Blut al usar Invocación{nl}[No se puede comerciar]{nl}[No se puede comerciar]	[그리모어 장착 효과] 서모닝 사용 시 마군주 렉시퍼 형태의 악마 소환{nl}[거래 불가]				
INTL_20191024_000365	[Efecto de Equipo del Grimorio] Invoca al Señor Demonio Mirtis al usar Invocación{nl}[No se puede comerciar]	[그리모어 장착 효과] 서모닝 사용 시 마군주 미르티스 형태의 악마 소환{nl}[거래 불가]				
INTL_20191024_000366	[Efecto de Equipo del Grimorio] Invoca al Señor Demonio Froster Lord al usar Invocación{nl}[No se puede comerciar]	[그리모어 장착 효과] 서모닝 사용 시 마군주 프로스터 로드 형태의 악마 소환{nl}[거래 불가]				
INTL_20191024_000367	Usar para obtener uno de los siguientes objetos.{nl}- Carta del Señor Demonio Marnox [No se puede comerciar] x1{nl}- Carta del Señor Demonio Blut [No se puede comerciar] x1{nl}- Carta del Señor Demonio Zaura [No se puede comerciar] x1{nl}- Carta del Señor Demonio Nuaele [No se puede comerciar] x1{nl}- Carta del Señor Demonio Helgasercle [No se puede comerciar] x1{nl}- Carta del Señor Demonio Rexipher [No se puede comerciar] x1{nl}- Carta del Señor Demonio Mirtis [No se puede comerciar] x1{nl}- Carta del Señor Demonio Froster Lord [No se puede comerciar] x1	사용 시 아래의 구성물 중 하나를 선택해 획득할 수 있습니다.{nl} - 마군주 마르녹스 카드 [거래 불가] 1개{nl} - 마군주 블룻 카드 [거래 불가] 1개{nl} - 마군주 자우라 카드 [거래 불가] 1개{nl} - 마군주 누아엘레 카드 [거래 불가] 1개{nl} - 마군주 헬가 세르클 카드 [거래 불가] 1개{nl} - 마군주 렉시퍼 카드 [거래 불가] 1개{nl} - 마군주 미르티스 카드 [거래 불가] 1개{nl} - 마군주 프로스터 로드 카드 [거래 불가] 1개				
INTL_20191104_000368	Evento: Defensa Cuesta Arriba de Halloween	이벤트: 와글와글 할로윈 업힐 디펜스				
INTL_20191104_000369	Evento: Alboroto de Medianoche de Halloween	이벤트: 할로윈 밤의 소동				
INTL_20191104_000370	Ayudante del Alboroto de Medianoche de Halloween	할로윈 밤의 소동 이벤트 도우미				
INTL_20191203_000371	+90% de EXP obtenida al cazar monstruos{nl}+3 de velocidad de movimiento{nl}+500 de HP máx.	몬스터 처치 시 획득 경험치 +90%{nl}이동 속도 +3{nl}최대 체력 + 500	SKILL_20161226_007306	+90% de EXP al cazar monstruos{nl}+3 de velocidad de movimiento	몬스터 처치 시 획득 경험치 +90%{nl}이동 속도 +3	
INTL_20191203_000372	+120% de EXP obtenida al cazar monstruos{nl}+4 de velocidad de movimiento{nl}+1000 de HP máx.	몬스터 처치 시 획득 경험치 +120%{nl}이동 속도 +4{nl}최대 체력 + 1000	SKILL_20161226_007308	+120% de EXP al cazar monstruos{nl}+4 de velocidad de movimiento	몬스터 처치 시 획득 경험치 +120%{nl}이동 속도 +4	
INTL_20191203_000373	+150% de EXP obtenida al cazar monstruos{nl}+5 de velocidad de movimiento{nl}+2000 de HP máx.	몬스터 처치 시 획득 경험치 +150%{nl}이동 속도 +5{nl}최대 체력 + 2000	SKILL_20161226_007310	+150% de EXP al cazar monstruos{nl}+5 de velocidad de movimiento	몬스터 처치 시 획득 경험치 +150%{nl}이동 속도 +5	
INTL_20191203_000374	¿Usar la {#FF0000}[Evento] Llave Real de Navidad{/} para abrir el cofre?	{#FF0000}[이벤트] 로열 크리스마스 열쇠{/}를 사용하여 상자를 여시겠습니까?				크리스마스 로열 상자
INTL_20191203_000375	Solo se puede acceder durante los fines de semana.	주말에만 대화하실 수 있습니다.				
INTL_20191205_000376	Usar para abrir el Cofre Real de Navidad en Klaipeda y obtener un objeto de recompensa al azar de los siguientes listados.{nl}[Evento] Puntos de Atributo 10,000 x1{nl}, [Evento] Puntos de Atributo 1,000 x1{nl}- [Evento] Puntos de Atributo 500 x1, Piedra de Portal de Incursión x3{nl}- Escultura de la Diosa (14 Días) x5, Semilla Milagrosa (14 Días) x5{nl}- [Evento] Moneda de Recompensa de Misión de Gremio: Plata x1{nl}Se eliminará automáticamente al final del período del evento.	클라페다에 위치한 크리스마스 로열 상자를 열어 아래 아이템 중 각기 다른 확률로 한 개의 아이템을 획득할 수 있습니다.{nl}[이벤트]특성 포인트 10,000 x1{nl}[이벤트]특성 포인트 1,000 x1{nl}[이벤트]특성 포인트 500 x1{nl}축복이 깃든 씨앗(14일) x1{nl}여신의 조각상(14일) x1{nl}[이벤트] 길드 퀘스트 보상 주화 : 은 x1{nl}레이드 포탈 스톤 x1{nl}19년 12월 26일 점검시, 일괄 삭제됩니다.				
INTL_20191216_000377	{img test_cooltime 25 25}{s18}Los puntos se reinician cada trimestre.	{img test_cooltime 25 25}{s18}매 분기마다 포인트 초기화가 진행됩니다.				
INTL_20191216_000378	 {nl}Por favor selecciona una recompensa.	 {nl}원하는 보상을 선택해주세요.				
INTL_20191230_000379	Solo se puede acceder los viernes, sábados y domingos.	금,토,일에만 대화하실 수 있습니다.	INTL_20191203_000375	Solo se puede acceder durante los fines de semana.	주말에만 대화하실 수 있습니다.	
INTL_20200114_000380	Camino a la Primavera 	봄으로 가는 길 				
INTL_20200114_000381	Cubo de Primavera	봄 큐브	INTL_20190405_000317	Cubo del Camino de Flores	꽃길 큐브	
INTL_20200114_000382	Misión Camino a la Primavera	봄으로 가는 길 이벤트 미션				
INTL_20200114_000383	Puedes recibir una Horquilla de Flor de Cerezo por tus primeros cinco {#661199}Pétalos de Flor{/}. Por tus siguientes cinco {#661199}Pétalos de Flor{/}, puedes recibir 25 Cubos de Primavera.	이벤트 기간동안 최초 {#661199}꽃잎{/} 5개는 삼색 경단 머리핀, 이후 {#661199}꽃잎{/} 5개는 봄 큐브 25개로 교환할 수 있습니다.	INTL_20190405_000321	Puedes recibir una Horquilla de Flor de Cerezo por tus primeros cinco Pétalos de Flor. Por tus siguientes cinco Pétalos de Flor, puedes recibir una Horquilla de Dulce Tricolor.	이벤트 기간동안 최초 꽃잎 5개는 삼색 경단 머리핀, 이후 꽃잎 5개는 벚꽃 머리핀으로 교환할 수 있습니다.	이벤트 알림판
INTL_20200114_000384	{#661199}Información de Camino a la Primavera	{#661199}봄으로 가는 길 이벤트 안내	INTL_20190405_000322	Evento del Camino de Flores	꽃길 이벤트	
INTL_20200206_000385	{@st66d_y}{s14}Bendición{nl}de la Diosa	{@st66d_y}{s14}여신의{nl}축복				
INTL_20200214_000386	: x5{nl}- Incursiones Leyenda: Casual : x2{nl}- Incursiones Únicas : x5{nl}- Incursiones Únicas: Casual : x2{nl}- Etapa 5+ del Modo Desafío: x2{nl}- Mazmorras de Nivel: x1	 클리어 : 5개{nl}- 레전드 레이드:캐주얼 클리어 : 2개{nl}- 유니크 레이드 클리어 : 5개{nl}- 유니크 레이드:캐주얼 클리어 : 2개{nl}- 챌린지 5단계 이상 클리어 : 2개{nl}- 레벨던전 클리어 : 1개				대장장이 테리아베리스
INTL_20200609_000387	No hay ningún evento en curso en el Tablón de Anuncios de Eventos.	현재 이벤트 알림판에서 진행중인 이벤트가 없습니다.				이벤트 알림판
INTL_20200727_000388	Si aplicar el modo de protección después de verificar hwid, ip, 1: Usar 0: No Usar	hwid, ip 확인 후 보호모드 적용 여부, 1:사용 0:안함				
INTL_20201030_000389	¿Dejarás registro del uso de habilidades en la Misión de Gremio de Boruta? (1: Dejar, 0: No Dejar)	보루타 길드 미션에서 스킬 사용 로그를 남길건가? (1: 남김, 0: 안함)				
INTL_20201123_000390	Aplicabilidad de CashOut, 1:Usado 0:No Usado	CashOut 적용 여부, 1:사용 0:안함				
INTL_20210128_000391	Buff de Suministro de Crecimiento EP.13.{nl}EXP + 600%{nl}Probabilidad de Botín + 300{nl}※Solo aplica a personajes de Nv.449 o inferior.	EP.13 성장 지원 버프 입니다.{nl}경험치 + 600%{nl}루팅찬스 + 300{nl}※450레벨 미만의 캐릭터에만 적용됩니다.				
INTL_20210318_000392	{s18}Mensaje de Advertencia de Grado de Mercado	{s18}마켓 등급 관련 경고 메세지				
INTL_20210326_000393	Farol Rojo que lleva el deseo de año nuevo.	신년 소망을 담은 홍등입니다.				
INTL_20210326_000394	Globo de cabeza de Ciervo Floral.	꽃사슴 머리 모양 풍선입니다				
INTL_20211104_000395	{@st66b}{s16}{#FFFFFFF}Recompensa de Rango de Tipo	{@st66b}{s16}{#FFFFFFF}계열 순위 보상				
INTL_20211104_000396	{@st66b}{s16}{#FFFFFFF}Recompensa de Daño Acumulado	{@st66b}{s16}{#FFFFFFF}누적 대미지 보상				
INTL_20211104_000397	{@st66b}{s16}{#FFFFFFF}Recompensa de Ranking de Clase	{@st66b}{s16}{#FFFFFFF}클래스 순위 보상				
INTL_20211104_000398	{@st66b}{s16}{#FFFFFFF}Tienda de la Liga de Batalla de Equipos	{@st66b}{s16}{#FFFFFFF}팀 배틀리그 상점				
INTL_20211104_000399	{@st66b}{s16}{#FFFFFFF}Registrar Personaje a Cambiar	{@st66b}{s16}{#FFFFFFF}교체 캐릭터 등록				
INTL_20220831_000400	Daño {img green_down_arrow 16 16}#{CaptionRatio}#%, Daño recibido -10% en campo{nl}※ No incluye el Modo Desafío	필드 지역 대미지 {img green_down_arrow 16 16}#{CaptionRatio}#%, 받는 피해 10% 감소{nl}※챌린지, 차원 붕괴 제외				
INTL_20220919_000401	Daño {img green_up_arrow 16 16}#{CaptionRatio}#%, Daño recibido {img green_down_arrow 16 16}10% en campo{nl}※ No incluye el Modo Desafío ni la Singularidad de División	필드 지역 대미지 {img green_up_arrow 16 16}#{CaptionRatio}#%, 받는 피해 {img green_down_arrow 16 16} 10%{nl}※챌린지, 분열 제외	INTL_20220831_000400	Daño {img green_down_arrow 16 16}#{CaptionRatio}#%, Daño recibido -10% en campo{nl}※ No incluye el Modo Desafío	필드 지역 대미지 {img green_down_arrow 16 16}#{CaptionRatio}#%, 받는 피해 10% 감소{nl}※챌린지, 차원 붕괴 제외	
INTL_20221024_000402	[Halloween] Vale de Una Entrada al Núcleo Turbulento (Auto/Solo)	[할로윈] 13 핵(자동 매칭, 1인) 1회 입장권				
INTL_20221125_000403	Caja de Regalo Sorpresa del GM - Día 1	GM의 12월 깜짝 선물 1회차 상자				
INTL_20221125_000404	Caja de Regalo Sorpresa del GM - Día 2	GM의 12월 깜짝 선물 2회차 상자				
INTL_20221125_000405	Caja de Regalo Sorpresa del GM - Día 3	GM의 12월 깜짝 선물 3회차 상자				
INTL_20221125_000406	Caja de Regalo Sorpresa del GM - Día 4	GM의 12월 깜짝 선물 4회차 상자				
INTL_20221125_000407	Caja de Regalo Sorpresa del GM - Día 5	GM의 12월 깜짝 선물 5회차 상자				
